date,product_id,units_sold,revenue_inr,avg_price_inr,promotion_active,website_visits,ad_spend_inr,stock_available,holiday_season
2024-01-01,P001,41,53259,1299,0,387,5458,150,0
2024-01-01,P002,24,83976,3499,0,321,7426,138,0
2024-01-01,P003,21,125979,5999,0,291,8598,94,0
2024-01-01,P004,32,137568,4299,0,374,6403,83,0
2024-01-02,P001,33,42867,1299,0,165,5456,109,0
2024-01-02,P002,26,90974,3499,0,223,5363,151,0
2024-01-02,P003,14,83986,5999,0,136,7292,142,0
2024-01-02,P004,32,137568,4299,0,344,4384,153,0
2024-01-03,P001,48,56112,1169,1,427,13031,166,0
2024-01-03,P002,20,69980,3499,0,176,5164,176,0
2024-01-03,P003,20,119980,5999,0,182,6902,116,0
2024-01-03,P004,25,107475,4299,0,288,2095,194,0
2024-01-04,P001,54,63126,1169,1,597,13298,170,0
2024-01-04,P002,24,83976,3499,0,290,6360,109,0
2024-01-04,P003,17,101983,5999,0,222,4403,129,0
2024-01-04,P004,26,111774,4299,0,267,4084,119,0
2024-01-05,P001,42,54558,1299,0,519,1636,160,0
2024-01-05,P002,26,90974,3499,0,260,5043,191,0
2024-01-05,P003,14,83986,5999,0,105,7202,228,0
2024-01-05,P004,27,116073,4299,0,343,5646,113,0
2024-01-06,P001,31,40269,1299,0,280,6376,187,0
2024-01-06,P002,27,94473,3499,0,269,8066,167,0
2024-01-06,P003,24,143976,5999,0,269,5623,160,0
2024-01-06,P004,32,137568,4299,0,333,3643,126,0
2024-01-07,P001,40,51960,1299,0,411,4578,123,0
2024-01-07,P002,28,97972,3499,0,229,6240,179,0
2024-01-07,P003,25,149975,5999,0,269,4269,161,0
2024-01-07,P004,38,163362,4299,0,376,4483,144,0
2024-01-08,P001,28,36372,1299,0,213,4906,133,0
2024-01-08,P002,20,69980,3499,0,234,6574,137,0
2024-01-08,P003,11,65989,5999,0,108,1651,221,0
2024-01-08,P004,27,116073,4299,0,253,5489,153,0
2024-01-09,P001,35,45465,1299,0,393,3496,137,0
2024-01-09,P002,23,80477,3499,0,153,6440,170,0
2024-01-09,P003,8,47992,5999,0,83,3633,127,0
2024-01-09,P004,32,137568,4299,0,353,2549,191,0
2024-01-10,P001,32,41568,1299,0,287,6385,211,0
2024-01-10,P002,25,87475,3499,0,343,4529,175,0
2024-01-10,P003,16,95984,5999,0,179,4753,145,0
2024-01-10,P004,29,124671,4299,0,252,5479,196,0
2024-01-11,P001,34,44166,1299,0,380,2478,150,0
2024-01-11,P002,24,83976,3499,0,301,5626,143,0
2024-01-11,P003,17,101983,5999,0,142,3162,168,0
2024-01-11,P004,31,133269,4299,0,278,4209,147,0
2024-01-12,P001,34,44166,1299,0,293,4572,96,0
2024-01-12,P002,21,73479,3499,0,216,7000,145,0
2024-01-12,P003,20,107980,5399,1,161,13361,152,0
2024-01-12,P004,25,107475,4299,0,190,3310,211,0
2024-01-13,P001,47,61053,1299,0,286,6645,184,0
2024-01-13,P002,27,94473,3499,0,251,5833,144,0
2024-01-13,P003,16,95984,5999,0,163,3817,140,0
2024-01-13,P004,38,163362,4299,0,440,7191,159,0
2024-01-14,P001,43,55857,1299,0,379,4267,191,0
2024-01-14,P002,44,138556,3149,1,705,13708,147,0
2024-01-14,P003,13,77987,5999,0,80,3676,99,0
2024-01-14,P004,39,167661,4299,0,618,4942,161,0
2024-01-15,P001,35,45465,1299,0,292,7024,173,0
2024-01-15,P002,23,80477,3499,0,240,4990,125,0
2024-01-15,P003,20,119980,5999,0,237,6741,226,0
2024-01-15,P004,36,154764,4299,0,342,4870,179,0
2024-01-16,P001,37,48063,1299,0,349,4722,233,0
2024-01-16,P002,24,83976,3499,0,207,6056,174,0
2024-01-16,P003,19,113981,5999,0,209,5591,124,0
2024-01-16,P004,36,154764,4299,0,257,2230,57,0
2024-01-17,P001,35,45465,1299,0,364,7247,85,0
2024-01-17,P002,23,80477,3499,0,115,4577,112,0
2024-01-17,P003,20,119980,5999,0,220,5269,230,0
2024-01-17,P004,36,154764,4299,0,373,5754,144,0
2024-01-18,P001,37,48063,1299,0,339,4534,157,0
2024-01-18,P002,28,97972,3499,0,446,4287,120,0
2024-01-18,P003,24,143976,5999,0,239,3153,138,0
2024-01-18,P004,28,120372,4299,0,279,5176,180,0
2024-01-19,P001,38,49362,1299,0,350,5613,152,0
2024-01-19,P002,26,90974,3499,0,235,4741,116,0
2024-01-19,P003,23,137977,5999,0,286,5233,108,0
2024-01-19,P004,37,159063,4299,0,376,4378,98,0
2024-01-20,P001,42,54558,1299,0,324,4457,182,0
2024-01-20,P002,36,113364,3149,1,348,14438,151,0
2024-01-20,P003,22,131978,5999,0,251,6111,120,0
2024-01-20,P004,34,146166,4299,0,298,7900,179,0
2024-01-21,P001,58,67802,1169,1,472,11800,126,0
2024-01-21,P002,28,97972,3499,0,358,6369,157,0
2024-01-21,P003,26,155974,5999,0,210,6712,104,0
2024-01-21,P004,36,154764,4299,0,272,5082,238,0
2024-01-22,P001,36,46764,1299,0,499,7770,196,0
2024-01-22,P002,25,87475,3499,0,293,8762,217,0
2024-01-22,P003,13,77987,5999,0,160,5653,214,0
2024-01-22,P004,32,137568,4299,0,378,3947,166,0
2024-01-23,P001,43,55857,1299,0,394,3455,184,0
2024-01-23,P002,25,87475,3499,0,174,3473,192,0
2024-01-23,P003,19,113981,5999,0,206,4613,124,0
2024-01-23,P004,38,163362,4299,0,330,4664,127,0
2024-01-24,P001,41,53259,1299,0,453,5996,152,0
2024-01-24,P002,24,83976,3499,0,216,9704,121,0
2024-01-24,P003,17,101983,5999,0,173,6036,176,0
2024-01-24,P004,34,146166,4299,0,381,1638,179,0
2024-01-25,P001,36,46764,1299,0,407,4010,144,0
2024-01-25,P002,27,94473,3499,0,244,7036,171,0
2024-01-25,P003,25,149975,5999,0,278,3178,135,0
2024-01-25,P004,30,128970,4299,0,248,6798,193,0
2024-01-26,P001,36,46764,1299,0,365,8721,126,0
2024-01-26,P002,29,101471,3499,0,335,7300,145,0
2024-01-26,P003,17,101983,5999,0,178,3565,220,0
2024-01-26,P004,32,137568,4299,0,287,4151,115,0
2024-01-27,P001,41,53259,1299,0,307,6817,161,0
2024-01-27,P002,32,111968,3499,0,226,1948,203,0
2024-01-27,P003,25,149975,5999,0,228,6659,121,0
2024-01-27,P004,39,167661,4299,0,537,5751,101,0
2024-01-28,P001,47,61053,1299,0,552,6215,52,0
2024-01-28,P002,31,108469,3499,0,282,2289,173,0
2024-01-28,P003,14,83986,5999,0,155,3174,159,0
2024-01-28,P004,36,154764,4299,0,404,5000,102,0
2024-01-29,P001,33,42867,1299,0,344,4586,141,0
2024-01-29,P002,25,87475,3499,0,209,4428,148,0
2024-01-29,P003,13,77987,5999,0,129,3975,245,0
2024-01-29,P004,32,137568,4299,0,327,6956,173,0
2024-01-30,P001,34,44166,1299,0,279,3675,158,0
2024-01-30,P002,25,87475,3499,0,272,6033,160,0
2024-01-30,P003,20,119980,5999,0,166,4601,35,0
2024-01-30,P004,29,124671,4299,0,153,2818,198,0
2024-01-31,P001,37,48063,1299,0,499,5934,115,0
2024-01-31,P002,18,62982,3499,0,158,4286,162,0
2024-01-31,P003,19,113981,5999,0,175,2795,108,0
2024-01-31,P004,30,128970,4299,0,396,4619,131,0
2024-02-01,P001,39,50661,1299,0,204,5728,138,0
2024-02-01,P002,23,80477,3499,0,261,6282,173,0
2024-02-01,P003,18,107982,5999,0,200,5188,91,0
2024-02-01,P004,33,141867,4299,0,301,5131,103,0
2024-02-02,P001,35,45465,1299,0,327,4782,157,0
2024-02-02,P002,32,111968,3499,0,346,7054,165,0
2024-02-02,P003,21,125979,5999,0,235,4766,171,0
2024-02-02,P004,26,111774,4299,0,190,1627,127,0
2024-02-03,P001,42,54558,1299,0,523,5494,163,0
2024-02-03,P002,45,141705,3149,1,453,13139,139,0
2024-02-03,P003,21,125979,5999,0,283,5655,185,0
2024-02-03,P004,31,133269,4299,0,248,6992,148,0
2024-02-04,P001,47,61053,1299,0,487,7328,119,0
2024-02-04,P002,27,94473,3499,0,329,1000,135,0
2024-02-04,P003,29,173971,5999,0,299,1647,135,0
2024-02-04,P004,32,137568,4299,0,409,4901,156,0
2024-02-05,P001,33,42867,1299,0,354,6587,159,0
2024-02-05,P002,26,90974,3499,0,297,3114,171,0
2024-02-05,P003,11,65989,5999,0,113,6593,157,0
2024-02-05,P004,28,120372,4299,0,294,7540,206,0
2024-02-06,P001,39,50661,1299,0,450,5527,199,0
2024-02-06,P002,25,87475,3499,0,305,5894,154,0
2024-02-06,P003,10,59990,5999,0,114,6938,179,0
2024-02-06,P004,25,107475,4299,0,352,3305,142,0
2024-02-07,P001,35,45465,1299,0,260,5718,132,0
2024-02-07,P002,19,66481,3499,0,261,6278,225,0
2024-02-07,P003,25,149975,5999,0,256,4893,150,0
2024-02-07,P004,31,133269,4299,0,250,4346,125,0
2024-02-08,P001,47,61053,1299,0,470,4526,142,0
2024-02-08,P002,21,73479,3499,0,268,2635,101,0
2024-02-08,P003,13,77987,5999,0,156,5609,143,0
2024-02-08,P004,30,128970,4299,0,299,6714,74,0
2024-02-09,P001,46,59754,1299,0,468,6344,80,0
2024-02-09,P002,23,80477,3499,0,255,4307,177,0
2024-02-09,P003,17,101983,5999,0,215,5658,156,0
2024-02-09,P004,24,103176,4299,0,280,3558,146,0
2024-02-10,P001,48,62352,1299,0,734,5843,150,0
2024-02-10,P002,33,115467,3499,0,315,5613,183,0
2024-02-10,P003,24,143976,5999,0,196,8710,171,0
2024-02-10,P004,40,171960,4299,0,521,4708,102,0
2024-02-11,P001,42,54558,1299,0,315,4619,92,0
2024-02-11,P002,32,111968,3499,0,336,7050,121,0
2024-02-11,P003,16,95984,5999,0,218,5618,138,0
2024-02-11,P004,36,154764,4299,0,282,6526,127,0
2024-02-12,P001,30,38970,1299,0,182,6141,189,0
2024-02-12,P002,26,90974,3499,0,211,5706,210,0
2024-02-12,P003,18,107982,5999,0,193,3542,173,0
2024-02-12,P004,27,116073,4299,0,281,6266,73,0
2024-02-13,P001,35,45465,1299,0,282,6569,202,0
2024-02-13,P002,31,97619,3149,1,470,9911,177,0
2024-02-13,P003,19,113981,5999,0,185,6259,102,0
2024-02-13,P004,30,128970,4299,0,305,5903,190,0
2024-02-14,P001,32,41568,1299,0,215,6333,131,0
2024-02-14,P002,30,104970,3499,0,240,7211,133,0
2024-02-14,P003,31,167369,5399,1,283,13485,86,0
2024-02-14,P004,46,177974,3869,1,394,11453,115,0
2024-02-15,P001,36,46764,1299,0,344,2533,141,0
2024-02-15,P002,18,62982,3499,0,220,6004,69,0
2024-02-15,P003,19,113981,5999,0,182,4071,144,0
2024-02-15,P004,32,137568,4299,0,215,5839,93,0
2024-02-16,P001,35,45465,1299,0,175,7024,191,0
2024-02-16,P002,26,90974,3499,0,332,3673,168,0
2024-02-16,P003,21,125979,5999,0,244,6283,142,0
2024-02-16,P004,32,137568,4299,0,357,4431,134,0
2024-02-17,P001,50,64950,1299,0,533,5835,228,0
2024-02-17,P002,38,132962,3499,0,267,4298,111,0
2024-02-17,P003,26,155974,5999,0,185,5606,215,0
2024-02-17,P004,34,146166,4299,0,490,1851,170,0
2024-02-18,P001,47,61053,1299,0,410,5267,160,0
2024-02-18,P002,32,111968,3499,0,240,5882,134,0
2024-02-18,P003,25,149975,5999,0,233,7750,135,0
2024-02-18,P004,39,167661,4299,0,478,2171,132,0
2024-02-19,P001,39,50661,1299,0,439,8241,131,0
2024-02-19,P002,22,76978,3499,0,239,7383,104,0
2024-02-19,P003,20,119980,5999,0,100,5941,150,0
2024-02-19,P004,41,158629,3869,1,207,12983,199,0
2024-02-20,P001,34,44166,1299,0,337,4177,155,0
2024-02-20,P002,21,73479,3499,0,196,4280,123,0
2024-02-20,P003,14,83986,5999,0,132,5405,220,0
2024-02-20,P004,27,116073,4299,0,247,6495,190,0
2024-02-21,P001,43,55857,1299,0,284,5237,63,0
2024-02-21,P002,23,80477,3499,0,268,2671,97,0
2024-02-21,P003,20,119980,5999,0,236,3504,147,0
2024-02-21,P004,38,147022,3869,1,468,11114,134,0
2024-02-22,P001,39,50661,1299,0,577,5953,114,0
2024-02-22,P002,28,97972,3499,0,179,6027,143,0
2024-02-22,P003,15,89985,5999,0,88,6979,154,0
2024-02-22,P004,29,124671,4299,0,253,5676,190,0
2024-02-23,P001,39,50661,1299,0,404,4248,139,0
2024-02-23,P002,27,94473,3499,0,309,4513,176,0
2024-02-23,P003,16,95984,5999,0,137,1222,231,0
2024-02-23,P004,30,128970,4299,0,317,3419,112,0
2024-02-24,P001,45,58455,1299,0,526,4493,150,0
2024-02-24,P002,33,115467,3499,0,361,5094,84,0
2024-02-24,P003,18,107982,5999,0,196,5609,170,0
2024-02-24,P004,37,159063,4299,0,363,4818,175,0
2024-02-25,P001,43,55857,1299,0,305,5595,65,0
2024-02-25,P002,30,104970,3499,0,312,5283,158,0
2024-02-25,P003,30,161970,5399,1,284,13588,105,0
2024-02-25,P004,28,120372,4299,0,226,5524,133,0
2024-02-26,P001,44,57156,1299,0,660,6506,130,0
2024-02-26,P002,22,76978,3499,0,225,4748,178,0
2024-02-26,P003,26,155974,5999,0,331,6659,213,0
2024-02-26,P004,24,103176,4299,0,242,6700,237,0
2024-02-27,P001,39,50661,1299,0,323,6742,105,0
2024-02-27,P002,33,103917,3149,1,320,13393,147,0
2024-02-27,P003,21,125979,5999,0,219,7661,114,0
2024-02-27,P004,29,124671,4299,0,246,4701,150,0
2024-02-28,P001,34,44166,1299,0,369,3783,170,0
2024-02-28,P002,29,101471,3499,0,282,3107,147,0
2024-02-28,P003,17,101983,5999,0,189,8466,98,0
2024-02-28,P004,19,81681,4299,0,263,5378,174,0
2024-02-29,P001,31,40269,1299,0,387,7206,158,0
2024-02-29,P002,26,90974,3499,0,364,5569,179,0
2024-02-29,P003,13,77987,5999,0,163,2359,114,0
2024-02-29,P004,44,170236,3869,1,300,12289,168,0
2024-03-01,P001,40,51960,1299,0,491,7491,163,0
2024-03-01,P002,23,80477,3499,0,324,5932,266,0
2024-03-01,P003,11,65989,5999,0,161,3850,145,0
2024-03-01,P004,33,141867,4299,0,323,1449,180,0
2024-03-02,P001,46,59754,1299,0,230,1736,158,0
2024-03-02,P002,34,118966,3499,0,469,5056,168,0
2024-03-02,P003,26,155974,5999,0,336,4590,134,0
2024-03-02,P004,34,146166,4299,0,322,4023,148,0
2024-03-03,P001,44,57156,1299,0,493,7140,109,0
2024-03-03,P002,38,119662,3149,1,353,13330,155,0
2024-03-03,P003,19,113981,5999,0,144,3531,141,0
2024-03-03,P004,34,146166,4299,0,341,7030,225,0
2024-03-04,P001,42,54558,1299,0,372,6093,130,0
2024-03-04,P002,23,80477,3499,0,267,3295,140,0
2024-03-04,P003,18,107982,5999,0,234,5824,91,0
2024-03-04,P004,31,133269,4299,0,270,3094,172,0
2024-03-05,P001,38,49362,1299,0,366,2925,95,0
2024-03-05,P002,31,108469,3499,0,345,6050,167,0
2024-03-05,P003,16,95984,5999,0,195,8067,145,0
2024-03-05,P004,19,81681,4299,0,248,5804,126,0
2024-03-06,P001,34,44166,1299,0,397,3355,131,0
2024-03-06,P002,22,76978,3499,0,171,4028,108,0
2024-03-06,P003,16,95984,5999,0,158,6048,47,0
2024-03-06,P004,34,131546,3869,1,414,13945,126,0
2024-03-07,P001,31,40269,1299,0,258,7017,204,0
2024-03-07,P002,29,101471,3499,0,393,2525,157,0
2024-03-07,P003,20,119980,5999,0,157,3024,178,0
2024-03-07,P004,24,103176,4299,0,216,6972,157,0
2024-03-08,P001,40,51960,1299,0,265,4401,89,0
2024-03-08,P002,32,111968,3499,0,277,3756,115,0
2024-03-08,P003,19,113981,5999,0,199,5634,226,0
2024-03-08,P004,31,133269,4299,0,188,3911,121,0
2024-03-09,P001,45,58455,1299,0,365,5968,156,0
2024-03-09,P002,25,87475,3499,0,296,5461,158,0
2024-03-09,P003,16,95984,5999,0,152,3206,176,0
2024-03-09,P004,47,181843,3869,1,325,15865,178,0
2024-03-10,P001,69,80661,1169,1,531,10675,110,0
2024-03-10,P002,33,115467,3499,0,200,7131,173,0
2024-03-10,P003,20,119980,5999,0,151,5470,203,0
2024-03-10,P004,31,133269,4299,0,274,5505,213,0
2024-03-11,P001,41,53259,1299,0,369,1355,101,0
2024-03-11,P002,32,100768,3149,1,349,12272,167,0
2024-03-11,P003,18,107982,5999,0,252,4187,216,0
2024-03-11,P004,27,116073,4299,0,343,4478,188,0
2024-03-12,P001,57,66633,1169,1,488,14128,113,0
2024-03-12,P002,26,90974,3499,0,333,6706,200,0
2024-03-12,P003,16,95984,5999,0,197,5643,178,0
2024-03-12,P004,16,68784,4299,0,142,5240,130,0
2024-03-13,P001,34,44166,1299,0,389,5199,118,0
2024-03-13,P002,32,111968,3499,0,391,3202,144,0
2024-03-13,P003,17,101983,5999,0,172,4731,135,0
2024-03-13,P004,30,128970,4299,0,306,4709,141,0
2024-03-14,P001,48,62352,1299,0,510,5725,191,0
2024-03-14,P002,28,97972,3499,0,287,6153,121,0
2024-03-14,P003,11,65989,5999,0,148,3815,198,0
2024-03-14,P004,44,170236,3869,1,346,13762,108,0
2024-03-15,P001,34,44166,1299,0,387,6754,175,0
2024-03-15,P002,29,101471,3499,0,216,6734,144,0
2024-03-15,P003,19,113981,5999,0,217,7957,187,0
2024-03-15,P004,17,73083,4299,0,139,7387,235,0
2024-03-16,P001,42,54558,1299,0,503,5355,168,0
2024-03-16,P002,29,101471,3499,0,224,9548,190,0
2024-03-16,P003,24,143976,5999,0,203,6344,118,0
2024-03-16,P004,32,137568,4299,0,273,4130,168,0
2024-03-17,P001,42,54558,1299,0,489,7120,149,0
2024-03-17,P002,26,90974,3499,0,304,7584,120,0
2024-03-17,P003,15,89985,5999,0,182,4206,156,0
2024-03-17,P004,33,141867,4299,0,352,7022,110,0
2024-03-18,P001,53,61957,1169,1,433,13608,132,0
2024-03-18,P002,21,73479,3499,0,206,5673,140,0
2024-03-18,P003,25,149975,5999,0,182,3985,121,0
2024-03-18,P004,23,98877,4299,0,245,5727,163,0
2024-03-19,P001,55,64295,1169,1,507,12968,86,0
2024-03-19,P002,27,94473,3499,0,295,3592,56,0
2024-03-19,P003,14,83986,5999,0,168,4546,151,0
2024-03-19,P004,21,90279,4299,0,274,6258,217,0
2024-03-20,P001,37,48063,1299,0,480,7476,147,0
2024-03-20,P002,25,87475,3499,0,241,5481,116,0
2024-03-20,P003,12,71988,5999,0,71,5257,166,0
2024-03-20,P004,23,98877,4299,0,230,4714,139,0
2024-03-21,P001,35,45465,1299,0,310,7321,145,0
2024-03-21,P002,25,87475,3499,0,292,5352,218,0
2024-03-21,P003,12,71988,5999,0,114,8471,124,0
2024-03-21,P004,23,98877,4299,0,158,6024,146,0
2024-03-22,P001,55,64295,1169,1,620,14514,101,0
2024-03-22,P002,32,111968,3499,0,313,6718,181,0
2024-03-22,P003,19,113981,5999,0,177,6850,111,0
2024-03-22,P004,35,135415,3869,1,284,13333,226,0
2024-03-23,P001,45,58455,1299,0,305,5377,157,0
2024-03-23,P002,26,90974,3499,0,302,7023,208,0
2024-03-23,P003,21,125979,5999,0,222,5029,138,0
2024-03-23,P004,29,124671,4299,0,282,3747,107,0
2024-03-24,P001,47,61053,1299,0,536,5647,126,0
2024-03-24,P002,25,87475,3499,0,330,2948,189,0
2024-03-24,P003,16,95984,5999,0,216,1952,171,0
2024-03-24,P004,31,133269,4299,0,200,3880,88,0
2024-03-25,P001,45,58455,1299,0,390,4784,92,0
2024-03-25,P002,24,83976,3499,0,137,8008,55,0
2024-03-25,P003,25,134975,5399,1,229,14111,194,0
2024-03-25,P004,32,137568,4299,0,160,5873,121,0
2024-03-26,P001,44,57156,1299,0,378,7175,119,0
2024-03-26,P002,22,76978,3499,0,251,3694,157,0
2024-03-26,P003,15,89985,5999,0,194,7464,192,0
2024-03-26,P004,22,94578,4299,0,213,1599,185,0
2024-03-27,P001,41,53259,1299,0,537,5747,145,0
2024-03-27,P002,38,119662,3149,1,467,13214,42,0
2024-03-27,P003,20,119980,5999,0,199,7121,127,0
2024-03-27,P004,24,103176,4299,0,245,7515,95,0
2024-03-28,P001,35,45465,1299,0,353,5028,110,0
2024-03-28,P002,29,101471,3499,0,354,5574,138,0
2024-03-28,P003,16,95984,5999,0,173,4527,89,0
2024-03-28,P004,22,94578,4299,0,265,2375,138,0
2024-03-29,P001,37,48063,1299,0,241,3285,116,0
2024-03-29,P002,23,80477,3499,0,281,3638,165,0
2024-03-29,P003,15,89985,5999,0,145,4249,89,0
2024-03-29,P004,28,120372,4299,0,297,4437,215,0
2024-03-30,P001,49,63651,1299,0,407,4693,162,0
2024-03-30,P002,33,115467,3499,0,373,3996,130,0
2024-03-30,P003,30,179970,5999,0,229,1000,120,0
2024-03-30,P004,24,103176,4299,0,258,7915,194,0
2024-03-31,P001,66,77154,1169,1,859,10658,153,0
2024-03-31,P002,43,135407,3149,1,279,12182,175,0
2024-03-31,P003,22,131978,5999,0,202,4221,172,0
2024-03-31,P004,32,137568,4299,0,301,3585,76,0
2024-04-01,P001,43,55857,1299,0,557,5578,187,0
2024-04-01,P002,25,87475,3499,0,225,7343,199,0
2024-04-01,P003,21,113379,5399,1,210,10489,118,0
2024-04-01,P004,19,81681,4299,0,225,4171,100,0
2024-04-02,P001,44,57156,1299,0,516,1572,115,0
2024-04-02,P002,23,80477,3499,0,229,7418,154,0
2024-04-02,P003,18,107982,5999,0,90,6499,163,0
2024-04-02,P004,25,107475,4299,0,262,9266,87,0
2024-04-03,P001,39,50661,1299,0,470,2704,152,0
2024-04-03,P002,27,94473,3499,0,252,3124,91,0
2024-04-03,P003,25,134975,5399,1,267,14996,196,0
2024-04-03,P004,23,98877,4299,0,231,4291,131,0
2024-04-04,P001,31,40269,1299,0,356,4501,83,0
2024-04-04,P002,35,122465,3499,0,271,4138,189,0
2024-04-04,P003,27,161973,5999,0,373,4726,131,0
2024-04-04,P004,24,103176,4299,0,248,4835,130,0
2024-04-05,P001,39,50661,1299,0,338,3099,107,0
2024-04-05,P002,25,87475,3499,0,361,2099,177,0
2024-04-05,P003,18,107982,5999,0,176,6110,173,0
2024-04-05,P004,21,90279,4299,0,281,6789,96,0
2024-04-06,P001,50,64950,1299,0,625,5417,164,0
2024-04-06,P002,35,122465,3499,0,393,5229,152,0
2024-04-06,P003,28,151172,5399,1,387,12407,72,0
2024-04-06,P004,30,128970,4299,0,282,9271,147,0
2024-04-07,P001,46,59754,1299,0,338,5359,130,0
2024-04-07,P002,31,108469,3499,0,322,5564,206,0
2024-04-07,P003,17,101983,5999,0,202,5094,122,0
2024-04-07,P004,35,150465,4299,0,267,5475,59,0
2024-04-08,P001,56,65464,1169,1,645,12090,90,0
2024-04-08,P002,27,94473,3499,0,290,7384,178,0
2024-04-08,P003,23,137977,5999,0,174,3336,100,0
2024-04-08,P004,24,103176,4299,0,271,7465,159,0
2024-04-09,P001,37,48063,1299,0,446,3739,161,0
2024-04-09,P002,21,73479,3499,0,264,2664,114,0
2024-04-09,P003,18,107982,5999,0,207,2599,166,0
2024-04-09,P004,21,90279,4299,0,260,8554,204,0
2024-04-10,P001,42,54558,1299,0,476,6339,191,0
2024-04-10,P002,26,90974,3499,0,237,5694,152,0
2024-04-10,P003,16,95984,5999,0,147,9661,209,0
2024-04-10,P004,23,98877,4299,0,234,7847,149,0
2024-04-11,P001,43,55857,1299,0,618,4165,168,0
2024-04-11,P002,26,90974,3499,0,333,5901,231,0
2024-04-11,P003,12,64788,5399,1,137,10500,194,0
2024-04-11,P004,21,90279,4299,0,225,3076,194,0
2024-04-12,P001,44,57156,1299,0,382,5245,136,0
2024-04-12,P002,30,104970,3499,0,326,6452,105,0
2024-04-12,P003,19,113981,5999,0,95,4674,153,0
2024-04-12,P004,25,107475,4299,0,327,3474,182,0
2024-04-13,P001,48,62352,1299,0,370,2837,159,0
2024-04-13,P002,29,101471,3499,0,238,5677,186,0
2024-04-13,P003,17,101983,5999,0,243,8029,172,0
2024-04-13,P004,44,170236,3869,1,429,12912,74,0
2024-04-14,P001,49,63651,1299,0,493,4560,85,0
2024-04-14,P002,25,87475,3499,0,192,5964,114,0
2024-04-14,P003,25,149975,5999,0,254,7275,97,0
2024-04-14,P004,31,133269,4299,0,329,5659,122,0
2024-04-15,P001,45,58455,1299,0,620,3292,9,0
2024-04-15,P002,31,108469,3499,0,179,5114,79,0
2024-04-15,P003,9,53991,5999,0,71,5458,188,0
2024-04-15,P004,26,111774,4299,0,288,5822,136,0
2024-04-16,P001,37,48063,1299,0,351,3782,156,0
2024-04-16,P002,27,94473,3499,0,220,4465,167,0
2024-04-16,P003,17,101983,5999,0,162,6442,198,0
2024-04-16,P004,32,137568,4299,0,392,5096,155,0
2024-04-17,P001,36,46764,1299,0,369,5355,143,0
2024-04-17,P002,26,90974,3499,0,309,5468,175,0
2024-04-17,P003,13,77987,5999,0,118,5056,170,0
2024-04-17,P004,27,104463,3869,1,262,10290,131,0
2024-04-18,P001,39,50661,1299,0,361,6323,143,0
2024-04-18,P002,26,90974,3499,0,228,8115,159,0
2024-04-18,P003,15,89985,5999,0,146,7269,236,0
2024-04-18,P004,26,111774,4299,0,329,5039,199,0
2024-04-19,P001,46,59754,1299,0,476,6550,151,0
2024-04-19,P002,27,94473,3499,0,267,1000,153,0
2024-04-19,P003,12,71988,5999,0,151,5410,189,0
2024-04-19,P004,21,90279,4299,0,214,5321,172,0
2024-04-20,P001,49,63651,1299,0,505,2783,133,0
2024-04-20,P002,45,141705,3149,1,334,13340,181,0
2024-04-20,P003,26,140374,5399,1,184,13686,149,0
2024-04-20,P004,31,133269,4299,0,257,6310,212,0
2024-04-21,P001,44,57156,1299,0,396,5975,86,0
2024-04-21,P002,30,104970,3499,0,222,4971,175,0
2024-04-21,P003,21,125979,5999,0,168,4070,206,0
2024-04-21,P004,21,90279,4299,0,241,7048,226,0
2024-04-22,P001,37,48063,1299,0,419,7720,144,0
2024-04-22,P002,30,104970,3499,0,276,5890,147,0
2024-04-22,P003,24,143976,5999,0,192,4483,186,0
2024-04-22,P004,35,135415,3869,1,306,14840,191,0
2024-04-23,P001,43,55857,1299,0,368,6013,77,0
2024-04-23,P002,27,94473,3499,0,234,4126,99,0
2024-04-23,P003,16,95984,5999,0,228,4962,163,0
2024-04-23,P004,26,111774,4299,0,206,4595,112,0
2024-04-24,P001,43,55857,1299,0,468,6048,139,0
2024-04-24,P002,34,118966,3499,0,319,5659,147,0
2024-04-24,P003,17,101983,5999,0,136,6122,136,0
2024-04-24,P004,31,133269,4299,0,257,4467,161,0
2024-04-25,P001,37,48063,1299,0,258,7936,170,0
2024-04-25,P002,17,59483,3499,0,162,5616,177,0
2024-04-25,P003,21,125979,5999,0,210,7515,139,0
2024-04-25,P004,33,141867,4299,0,271,4102,141,0
2024-04-26,P001,40,51960,1299,0,413,5246,127,0
2024-04-26,P002,26,90974,3499,0,197,3757,157,0
2024-04-26,P003,23,124177,5399,1,178,7864,171,0
2024-04-26,P004,20,85980,4299,0,211,4857,110,0
2024-04-27,P001,52,67548,1299,0,389,1017,119,0
2024-04-27,P002,27,94473,3499,0,280,6578,157,0
2024-04-27,P003,14,83986,5999,0,168,5921,173,0
2024-04-27,P004,28,120372,4299,0,229,6254,205,0
2024-04-28,P001,55,71445,1299,0,381,5263,135,0
2024-04-28,P002,28,97972,3499,0,344,4255,225,0
2024-04-28,P003,15,89985,5999,0,166,6128,145,0
2024-04-28,P004,30,128970,4299,0,242,2602,163,0
2024-04-29,P001,44,57156,1299,0,407,3769,195,0
2024-04-29,P002,27,94473,3499,0,298,8151,81,0
2024-04-29,P003,23,137977,5999,0,257,5783,163,0
2024-04-29,P004,28,120372,4299,0,221,2230,184,0
2024-04-30,P001,41,53259,1299,0,466,4546,139,0
2024-04-30,P002,20,69980,3499,0,188,6494,172,0
2024-04-30,P003,20,119980,5999,0,258,5545,206,0
2024-04-30,P004,23,98877,4299,0,203,3106,219,0
2024-05-01,P001,42,54558,1299,0,492,6054,188,0
2024-05-01,P002,21,73479,3499,0,219,7064,160,0
2024-05-01,P003,27,145773,5399,1,226,12328,168,0
2024-05-01,P004,25,107475,4299,0,298,4783,241,0
2024-05-02,P001,59,68971,1169,1,633,11153,145,0
2024-05-02,P002,31,108469,3499,0,340,5293,171,0
2024-05-02,P003,14,83986,5999,0,150,3694,185,0
2024-05-02,P004,38,147022,3869,1,426,11283,93,0
2024-05-03,P001,37,48063,1299,0,342,5599,180,0
2024-05-03,P002,19,66481,3499,0,199,7073,90,0
2024-05-03,P003,16,95984,5999,0,131,3962,177,0
2024-05-03,P004,22,94578,4299,0,277,4549,203,0
2024-05-04,P001,54,70146,1299,0,588,4965,99,0
2024-05-04,P002,28,97972,3499,0,230,6838,98,0
2024-05-04,P003,12,71988,5999,0,121,4622,221,0
2024-05-04,P004,34,146166,4299,0,222,4245,186,0
2024-05-05,P001,53,68847,1299,0,549,5196,115,0
2024-05-05,P002,33,103917,3149,1,330,13118,129,0
2024-05-05,P003,19,113981,5999,0,156,4070,165,0
2024-05-05,P004,23,98877,4299,0,305,5901,151,0
2024-05-06,P001,45,58455,1299,0,422,3615,168,0
2024-05-06,P002,23,80477,3499,0,180,4124,112,0
2024-05-06,P003,8,47992,5999,0,96,4033,136,0
2024-05-06,P004,20,85980,4299,0,258,3481,152,0
2024-05-07,P001,60,70140,1169,1,770,12847,152,0
2024-05-07,P002,17,59483,3499,0,151,4646,53,0
2024-05-07,P003,26,140374,5399,1,290,14559,139,0
2024-05-07,P004,19,81681,4299,0,244,7508,93,0
2024-05-08,P001,46,59754,1299,0,532,3855,198,0
2024-05-08,P002,28,97972,3499,0,206,4790,155,0
2024-05-08,P003,20,119980,5999,0,166,6116,150,0
2024-05-08,P004,26,111774,4299,0,389,5132,255,0
2024-05-09,P001,39,50661,1299,0,457,2634,171,0
2024-05-09,P002,20,69980,3499,0,150,5026,183,0
2024-05-09,P003,13,77987,5999,0,115,4695,184,0
2024-05-09,P004,26,111774,4299,0,205,5625,179,0
2024-05-10,P001,38,49362,1299,0,336,4745,171,0
2024-05-10,P002,25,87475,3499,0,255,4179,132,0
2024-05-10,P003,11,65989,5999,0,100,5528,183,0
2024-05-10,P004,21,90279,4299,0,251,4354,212,0
2024-05-11,P001,53,68847,1299,0,535,4567,179,0
2024-05-11,P002,23,80477,3499,0,219,7153,147,0
2024-05-11,P003,14,83986,5999,0,169,4304,198,0
2024-05-11,P004,25,107475,4299,0,267,4183,169,0
2024-05-12,P001,47,61053,1299,0,556,6989,129,0
2024-05-12,P002,38,119662,3149,1,399,12761,186,0
2024-05-12,P003,19,113981,5999,0,290,7004,185,0
2024-05-12,P004,26,111774,4299,0,141,5125,114,0
2024-05-13,P001,35,45465,1299,0,305,5443,162,0
2024-05-13,P002,25,87475,3499,0,289,3631,98,0
2024-05-13,P003,13,77987,5999,0,135,5847,164,0
2024-05-13,P004,30,128970,4299,0,259,6582,191,0
2024-05-14,P001,44,57156,1299,0,470,3172,136,0
2024-05-14,P002,14,48986,3499,0,147,3306,244,0
2024-05-14,P003,11,65989,5999,0,74,8297,198,0
2024-05-14,P004,31,133269,4299,0,300,2706,127,0
2024-05-15,P001,38,49362,1299,0,548,5481,166,0
2024-05-15,P002,19,66481,3499,0,172,4951,185,0
2024-05-15,P003,11,65989,5999,0,115,6819,181,0
2024-05-15,P004,27,116073,4299,0,347,5349,157,0
2024-05-16,P001,54,63126,1169,1,427,12885,55,0
2024-05-16,P002,30,104970,3499,0,202,5870,205,0
2024-05-16,P003,11,65989,5999,0,103,6872,149,0
2024-05-16,P004,22,94578,4299,0,195,8154,151,0
2024-05-17,P001,33,42867,1299,0,305,3854,206,0
2024-05-17,P002,16,55984,3499,0,160,6273,117,0
2024-05-17,P003,14,83986,5999,0,124,8025,151,0
2024-05-17,P004,24,103176,4299,0,205,8416,144,0
2024-05-18,P001,66,77154,1169,1,969,15676,69,0
2024-05-18,P002,33,115467,3499,0,382,3132,164,0
2024-05-18,P003,22,131978,5999,0,126,4043,216,0
2024-05-18,P004,28,120372,4299,0,191,4306,129,0
2024-05-19,P001,44,57156,1299,0,227,5425,130,0
2024-05-19,P002,30,104970,3499,0,228,6121,136,0
2024-05-19,P003,9,53991,5999,0,56,6552,164,0
2024-05-19,P004,32,137568,4299,0,450,4005,108,0
2024-05-20,P001,41,53259,1299,0,426,6209,114,0
2024-05-20,P002,23,80477,3499,0,265,4668,106,0
2024-05-20,P003,13,77987,5999,0,132,5025,122,0
2024-05-20,P004,28,120372,4299,0,201,5261,152,0
2024-05-21,P001,38,49362,1299,0,404,3439,149,0
2024-05-21,P002,22,76978,3499,0,168,6615,134,0
2024-05-21,P003,12,71988,5999,0,99,5937,116,0
2024-05-21,P004,35,135415,3869,1,359,14061,74,0
2024-05-22,P001,36,46764,1299,0,207,5595,145,0
2024-05-22,P002,19,66481,3499,0,167,5873,129,0
2024-05-22,P003,7,41993,5999,0,59,1000,159,0
2024-05-22,P004,22,94578,4299,0,228,5085,157,0
2024-05-23,P001,42,54558,1299,0,416,5680,110,0
2024-05-23,P002,23,80477,3499,0,238,7325,149,0
2024-05-23,P003,23,137977,5999,0,276,4630,188,0
2024-05-23,P004,27,116073,4299,0,264,6392,239,0
2024-05-24,P001,39,50661,1299,0,384,6618,201,0
2024-05-24,P002,9,31491,3499,0,110,4873,189,0
2024-05-24,P003,11,65989,5999,0,115,4894,168,0
2024-05-24,P004,20,85980,4299,0,221,3972,170,0
2024-05-25,P001,52,67548,1299,0,485,6661,146,0
2024-05-25,P002,26,90974,3499,0,335,4997,147,0
2024-05-25,P003,16,95984,5999,0,144,7856,263,0
2024-05-25,P004,34,146166,4299,0,483,3857,182,0
2024-05-26,P001,47,61053,1299,0,331,7319,128,0
2024-05-26,P002,25,87475,3499,0,247,5468,168,0
2024-05-26,P003,21,125979,5999,0,233,6703,230,0
2024-05-26,P004,23,98877,4299,0,250,3664,116,0
2024-05-27,P001,37,48063,1299,0,410,6372,126,0
2024-05-27,P002,26,90974,3499,0,260,3730,132,0
2024-05-27,P003,17,101983,5999,0,168,5302,176,0
2024-05-27,P004,26,111774,4299,0,256,3303,81,0
2024-05-28,P001,38,49362,1299,0,433,2394,122,0
2024-05-28,P002,32,111968,3499,0,354,3414,218,0
2024-05-28,P003,10,59990,5999,0,124,4794,161,0
2024-05-28,P004,26,111774,4299,0,311,6316,104,0
2024-05-29,P001,35,45465,1299,0,354,3952,118,0
2024-05-29,P002,32,111968,3499,0,347,4369,43,0
2024-05-29,P003,14,83986,5999,0,178,2992,198,0
2024-05-29,P004,19,81681,4299,0,260,5636,132,0
2024-05-30,P001,45,52605,1169,1,498,12263,133,0
2024-05-30,P002,21,73479,3499,0,256,3979,208,0
2024-05-30,P003,14,83986,5999,0,127,2837,223,0
2024-05-30,P004,22,94578,4299,0,218,6571,160,0
2024-05-31,P001,34,44166,1299,0,411,4035,88,0
2024-05-31,P002,26,90974,3499,0,293,9114,118,0
2024-05-31,P003,11,65989,5999,0,89,6555,168,0
2024-05-31,P004,24,103176,4299,0,156,1619,151,0
2024-06-01,P001,47,61053,1299,0,342,3587,166,0
2024-06-01,P002,27,94473,3499,0,372,8034,162,0
2024-06-01,P003,15,89985,5999,0,134,4484,169,0
2024-06-01,P004,28,120372,4299,0,245,2726,156,0
2024-06-02,P001,44,57156,1299,0,357,6977,158,0
2024-06-02,P002,27,94473,3499,0,284,5744,110,0
2024-06-02,P003,23,137977,5999,0,203,6810,160,0
2024-06-02,P004,25,107475,4299,0,288,5203,150,0
2024-06-03,P001,36,46764,1299,0,248,6045,134,0
2024-06-03,P002,21,73479,3499,0,251,4259,107,0
2024-06-03,P003,5,29995,5999,0,42,6218,173,0
2024-06-03,P004,22,94578,4299,0,251,8640,225,0
2024-06-04,P001,37,48063,1299,0,370,3649,104,0
2024-06-04,P002,22,76978,3499,0,158,3907,160,0
2024-06-04,P003,19,113981,5999,0,166,3937,220,0
2024-06-04,P004,36,139284,3869,1,331,12252,63,0
2024-06-05,P001,38,49362,1299,0,225,3489,61,0
2024-06-05,P002,17,59483,3499,0,195,4480,93,0
2024-06-05,P003,19,113981,5999,0,139,5187,95,0
2024-06-05,P004,24,103176,4299,0,152,5867,99,0
2024-06-06,P001,38,49362,1299,0,349,6201,163,0
2024-06-06,P002,26,90974,3499,0,150,5533,120,0
2024-06-06,P003,14,83986,5999,0,162,5370,154,0
2024-06-06,P004,16,68784,4299,0,204,3165,163,0
2024-06-07,P001,43,55857,1299,0,474,6901,92,0
2024-06-07,P002,23,80477,3499,0,183,6222,188,0
2024-06-07,P003,10,59990,5999,0,157,7197,174,0
2024-06-07,P004,27,116073,4299,0,233,6471,89,0
2024-06-08,P001,43,55857,1299,0,458,4866,86,0
2024-06-08,P002,26,90974,3499,0,259,7601,126,0
2024-06-08,P003,18,107982,5999,0,187,5905,187,0
2024-06-08,P004,32,137568,4299,0,337,1000,163,0
2024-06-09,P001,42,54558,1299,0,383,4514,130,0
2024-06-09,P002,32,111968,3499,0,270,6193,164,0
2024-06-09,P003,12,71988,5999,0,169,4460,101,0
2024-06-09,P004,31,133269,4299,0,280,3927,83,0
2024-06-10,P001,36,46764,1299,0,350,1891,137,0
2024-06-10,P002,16,55984,3499,0,169,4826,167,0
2024-06-10,P003,18,97182,5399,1,186,12527,177,0
2024-06-10,P004,22,94578,4299,0,235,5483,174,0
2024-06-11,P001,30,38970,1299,0,269,4226,159,0
2024-06-11,P002,15,52485,3499,0,179,5458,168,0
2024-06-11,P003,16,95984,5999,0,127,3743,160,0
2024-06-11,P004,18,77382,4299,0,139,8913,225,0
2024-06-12,P001,38,49362,1299,0,324,4366,151,0
2024-06-12,P002,37,116513,3149,1,446,10002,122,0
2024-06-12,P003,20,119980,5999,0,133,3602,70,0
2024-06-12,P004,36,139284,3869,1,264,12127,161,0
2024-06-13,P001,29,37671,1299,0,282,7259,124,0
2024-06-13,P002,27,94473,3499,0,153,4038,169,0
2024-06-13,P003,11,65989,5999,0,120,5837,149,0
2024-06-13,P004,34,146166,4299,0,318,6374,89,0
2024-06-14,P001,37,48063,1299,0,237,4886,103,0
2024-06-14,P002,22,76978,3499,0,175,5652,111,0
2024-06-14,P003,18,107982,5999,0,177,7487,102,0
2024-06-14,P004,27,116073,4299,0,135,5021,100,0
2024-06-15,P001,38,49362,1299,0,501,6206,169,0
2024-06-15,P002,32,111968,3499,0,397,3569,171,0
2024-06-15,P003,23,137977,5999,0,347,6159,135,0
2024-06-15,P004,30,128970,4299,0,324,5219,155,0
2024-06-16,P001,44,57156,1299,0,510,4840,64,0
2024-06-16,P002,37,116513,3149,1,263,11976,131,0
2024-06-16,P003,21,125979,5999,0,260,3637,204,0
2024-06-16,P004,31,133269,4299,0,247,5590,170,0
2024-06-17,P001,39,50661,1299,0,392,3258,183,0
2024-06-17,P002,24,75576,3149,1,336,14858,187,0
2024-06-17,P003,13,77987,5999,0,115,3998,148,0
2024-06-17,P004,24,103176,4299,0,192,8872,93,0
2024-06-18,P001,37,48063,1299,0,305,3576,158,0
2024-06-18,P002,19,66481,3499,0,254,5827,185,0
2024-06-18,P003,9,53991,5999,0,92,3889,128,0
2024-06-18,P004,31,119939,3869,1,286,9775,153,0
2024-06-19,P001,39,50661,1299,0,484,2724,102,0
2024-06-19,P002,23,80477,3499,0,218,6894,170,0
2024-06-19,P003,14,83986,5999,0,98,4563,164,0
2024-06-19,P004,23,98877,4299,0,220,2716,209,0
2024-06-20,P001,31,40269,1299,0,213,5290,110,0
2024-06-20,P002,27,94473,3499,0,335,3109,126,0
2024-06-20,P003,9,53991,5999,0,64,2129,232,0
2024-06-20,P004,31,133269,4299,0,408,4043,71,0
2024-06-21,P001,34,44166,1299,0,170,5093,122,0
2024-06-21,P002,23,80477,3499,0,243,5304,93,0
2024-06-21,P003,10,59990,5999,0,91,5856,115,0
2024-06-21,P004,31,133269,4299,0,391,3818,157,0
2024-06-22,P001,63,73647,1169,1,455,13717,135,0
2024-06-22,P002,21,73479,3499,0,244,4851,205,0
2024-06-22,P003,18,107982,5999,0,171,5310,190,0
2024-06-22,P004,27,116073,4299,0,231,4547,103,0
2024-06-23,P001,50,64950,1299,0,392,6052,123,0
2024-06-23,P002,24,83976,3499,0,246,5376,192,0
2024-06-23,P003,24,143976,5999,0,240,6703,169,0
2024-06-23,P004,29,124671,4299,0,226,1449,200,0
2024-06-24,P001,31,40269,1299,0,307,6564,179,0
2024-06-24,P002,24,83976,3499,0,273,4753,183,0
2024-06-24,P003,8,47992,5999,0,65,6514,167,0
2024-06-24,P004,31,133269,4299,0,212,6067,141,0
2024-06-25,P001,38,49362,1299,0,516,4695,145,0
2024-06-25,P002,24,83976,3499,0,181,5515,95,0
2024-06-25,P003,24,143976,5999,0,211,5303,118,0
2024-06-25,P004,26,111774,4299,0,224,5657,131,0
2024-06-26,P001,32,41568,1299,0,454,5495,166,0
2024-06-26,P002,30,94470,3149,1,314,11914,187,0
2024-06-26,P003,7,41993,5999,0,87,4705,143,0
2024-06-26,P004,26,111774,4299,0,223,7446,128,0
2024-06-27,P001,29,37671,1299,0,310,3146,123,0
2024-06-27,P002,13,45487,3499,0,127,4167,168,0
2024-06-27,P003,15,89985,5999,0,206,2876,120,0
2024-06-27,P004,24,103176,4299,0,216,4053,186,0
2024-06-28,P001,40,51960,1299,0,424,4236,136,0
2024-06-28,P002,21,73479,3499,0,191,4345,98,0
2024-06-28,P003,14,83986,5999,0,140,7278,161,0
2024-06-28,P004,31,133269,4299,0,285,8290,105,0
2024-06-29,P001,41,53259,1299,0,536,5558,151,0
2024-06-29,P002,17,59483,3499,0,90,8364,141,0
2024-06-29,P003,15,89985,5999,0,150,6061,168,0
2024-06-29,P004,32,137568,4299,0,329,3953,202,0
2024-06-30,P001,51,66249,1299,0,577,1212,77,0
2024-06-30,P002,21,73479,3499,0,235,3138,143,0
2024-06-30,P003,19,113981,5999,0,189,6221,221,0
2024-06-30,P004,30,128970,4299,0,245,5077,163,0
2024-07-01,P001,35,45465,1299,0,284,2456,175,0
2024-07-01,P002,23,80477,3499,0,139,5636,185,0
2024-07-01,P003,12,71988,5999,0,60,6088,134,0
2024-07-01,P004,26,111774,4299,0,352,6375,204,0
2024-07-02,P001,35,45465,1299,0,220,6341,180,0
2024-07-02,P002,19,66481,3499,0,203,5448,146,0
2024-07-02,P003,12,71988,5999,0,118,6099,160,0
2024-07-02,P004,24,103176,4299,0,159,6177,204,0
2024-07-03,P001,39,50661,1299,0,433,5064,177,0
2024-07-03,P002,22,76978,3499,0,226,6981,205,0
2024-07-03,P003,14,83986,5999,0,142,2688,144,0
2024-07-03,P004,23,98877,4299,0,252,2807,105,0
2024-07-04,P001,48,62352,1299,0,590,2535,145,0
2024-07-04,P002,20,69980,3499,0,184,4221,219,0
2024-07-04,P003,12,71988,5999,0,130,4651,212,0
2024-07-04,P004,38,147022,3869,1,481,15154,81,0
2024-07-05,P001,35,45465,1299,0,361,4966,150,0
2024-07-05,P002,15,52485,3499,0,121,5919,112,0
2024-07-05,P003,10,59990,5999,0,69,2932,182,0
2024-07-05,P004,25,107475,4299,0,184,7694,139,0
2024-07-06,P001,50,64950,1299,0,546,5816,153,0
2024-07-06,P002,20,69980,3499,0,205,3553,113,0
2024-07-06,P003,17,101983,5999,0,136,4957,154,0
2024-07-06,P004,30,128970,4299,0,215,4962,164,0
2024-07-07,P001,41,53259,1299,0,491,3490,150,0
2024-07-07,P002,25,87475,3499,0,248,3438,130,0
2024-07-07,P003,19,113981,5999,0,115,7621,228,0
2024-07-07,P004,28,120372,4299,0,228,6246,167,0
2024-07-08,P001,39,50661,1299,0,412,3821,72,0
2024-07-08,P002,19,66481,3499,0,169,5621,122,0
2024-07-08,P003,12,71988,5999,0,73,5912,185,0
2024-07-08,P004,23,98877,4299,0,244,7552,170,0
2024-07-09,P001,32,41568,1299,0,318,8097,125,0
2024-07-09,P002,23,80477,3499,0,242,3192,92,0
2024-07-09,P003,21,125979,5999,0,175,5480,191,0
2024-07-09,P004,16,68784,4299,0,185,7942,138,0
2024-07-10,P001,38,49362,1299,0,277,5662,147,0
2024-07-10,P002,21,73479,3499,0,297,6270,153,0
2024-07-10,P003,18,97182,5399,1,271,10974,206,0
2024-07-10,P004,24,103176,4299,0,201,7947,113,0
2024-07-11,P001,37,48063,1299,0,377,4456,89,0
2024-07-11,P002,19,66481,3499,0,200,5821,155,0
2024-07-11,P003,7,41993,5999,0,64,1385,227,0
2024-07-11,P004,22,94578,4299,0,144,4907,235,0
2024-07-12,P001,26,33774,1299,0,214,2983,149,0
2024-07-12,P002,24,83976,3499,0,209,6312,99,0
2024-07-12,P003,12,71988,5999,0,160,2782,127,0
2024-07-12,P004,25,107475,4299,0,288,2601,124,0
2024-07-13,P001,45,58455,1299,0,441,1904,95,0
2024-07-13,P002,37,116513,3149,1,460,9972,122,0
2024-07-13,P003,22,131978,5999,0,110,5076,80,0
2024-07-13,P004,22,94578,4299,0,205,7882,208,0
2024-07-14,P001,41,53259,1299,0,552,4447,116,0
2024-07-14,P002,25,87475,3499,0,251,6323,142,0
2024-07-14,P003,15,89985,5999,0,86,6318,142,0
2024-07-14,P004,34,146166,4299,0,237,3911,131,0
2024-07-15,P001,36,46764,1299,0,245,4919,126,0
2024-07-15,P002,13,45487,3499,0,112,3706,122,0
2024-07-15,P003,12,71988,5999,0,151,5610,197,0
2024-07-15,P004,22,94578,4299,0,236,4944,169,0
2024-07-16,P001,30,38970,1299,0,424,6929,130,0
2024-07-16,P002,24,83976,3499,0,274,4191,188,0
2024-07-16,P003,14,83986,5999,0,131,6342,131,0
2024-07-16,P004,29,124671,4299,0,366,2118,120,0
2024-07-17,P001,34,44166,1299,0,328,5512,211,0
2024-07-17,P002,18,62982,3499,0,127,5720,147,0
2024-07-17,P003,18,97182,5399,1,180,9607,132,0
2024-07-17,P004,20,85980,4299,0,100,3708,112,0
2024-07-18,P001,29,37671,1299,0,157,6862,171,0
2024-07-18,P002,21,73479,3499,0,188,4867,159,0
2024-07-18,P003,19,113981,5999,0,207,5559,222,0
2024-07-18,P004,24,103176,4299,0,130,8449,145,0
2024-07-19,P001,32,41568,1299,0,338,3511,67,0
2024-07-19,P002,17,59483,3499,0,158,2864,164,0
2024-07-19,P003,13,77987,5999,0,136,3661,203,0
2024-07-19,P004,24,103176,4299,0,301,3169,141,0
2024-07-20,P001,36,46764,1299,0,391,5118,194,0
2024-07-20,P002,23,80477,3499,0,225,5079,177,0
2024-07-20,P003,16,95984,5999,0,200,4230,161,0
2024-07-20,P004,35,150465,4299,0,435,6137,93,0
2024-07-21,P001,45,58455,1299,0,658,2045,94,0
2024-07-21,P002,19,66481,3499,0,156,7090,220,0
2024-07-21,P003,14,83986,5999,0,151,6410,156,0
2024-07-21,P004,29,124671,4299,0,275,2313,163,0
2024-07-22,P001,29,37671,1299,0,441,4178,143,0
2024-07-22,P002,19,66481,3499,0,226,5501,195,0
2024-07-22,P003,15,89985,5999,0,148,5102,194,0
2024-07-22,P004,23,98877,4299,0,300,4020,157,0
2024-07-23,P001,35,45465,1299,0,327,6772,148,0
2024-07-23,P002,24,75576,3149,1,266,11029,166,0
2024-07-23,P003,22,118778,5399,1,257,13989,128,0
2024-07-23,P004,20,85980,4299,0,200,7462,153,0
2024-07-24,P001,38,49362,1299,0,414,3547,156,0
2024-07-24,P002,17,59483,3499,0,147,8379,155,0
2024-07-24,P003,18,107982,5999,0,204,6250,130,0
2024-07-24,P004,30,128970,4299,0,345,6306,118,0
2024-07-25,P001,32,41568,1299,0,363,3961,106,0
2024-07-25,P002,21,73479,3499,0,280,4955,240,0
2024-07-25,P003,12,71988,5999,0,105,3656,114,0
2024-07-25,P004,20,85980,4299,0,168,5673,181,0
2024-07-26,P001,32,41568,1299,0,311,4847,179,0
2024-07-26,P002,16,55984,3499,0,127,4500,138,0
2024-07-26,P003,19,113981,5999,0,185,3910,160,0
2024-07-26,P004,20,85980,4299,0,172,5748,206,0
2024-07-27,P001,35,45465,1299,0,304,2752,146,0
2024-07-27,P002,21,73479,3499,0,171,6306,140,0
2024-07-27,P003,11,65989,5999,0,118,3126,214,0
2024-07-27,P004,35,150465,4299,0,175,3756,163,0
2024-07-28,P001,52,67548,1299,0,827,7424,134,0
2024-07-28,P002,27,94473,3499,0,176,2403,142,0
2024-07-28,P003,18,107982,5999,0,159,6425,141,0
2024-07-28,P004,35,150465,4299,0,326,4297,169,0
2024-07-29,P001,35,45465,1299,0,291,4202,122,0
2024-07-29,P002,16,55984,3499,0,145,6182,124,0
2024-07-29,P003,16,95984,5999,0,161,5699,173,0
2024-07-29,P004,23,98877,4299,0,247,4309,193,0
2024-07-30,P001,31,40269,1299,0,363,4723,185,0
2024-07-30,P002,15,52485,3499,0,191,4950,130,0
2024-07-30,P003,15,89985,5999,0,94,2029,161,0
2024-07-30,P004,28,120372,4299,0,339,4509,170,0
2024-07-31,P001,40,51960,1299,0,553,5459,67,0
2024-07-31,P002,20,69980,3499,0,174,3450,135,0
2024-07-31,P003,18,97182,5399,1,203,9216,119,0
2024-07-31,P004,28,120372,4299,0,368,4578,129,0
2024-08-01,P001,31,40269,1299,0,351,6909,167,0
2024-08-01,P002,15,52485,3499,0,110,8769,194,0
2024-08-01,P003,16,86384,5399,1,145,11877,187,0
2024-08-01,P004,31,119939,3869,1,309,12985,185,0
2024-08-02,P001,26,33774,1299,0,295,4384,173,0
2024-08-02,P002,17,59483,3499,0,153,3763,129,0
2024-08-02,P003,16,95984,5999,0,173,6154,111,0
2024-08-02,P004,26,111774,4299,0,261,6336,117,0
2024-08-03,P001,43,55857,1299,0,448,4976,58,0
2024-08-03,P002,29,101471,3499,0,196,2048,152,0
2024-08-03,P003,18,107982,5999,0,241,4194,215,0
2024-08-03,P004,30,128970,4299,0,477,5055,140,0
2024-08-04,P001,34,44166,1299,0,425,4203,113,0
2024-08-04,P002,20,69980,3499,0,134,2494,221,0
2024-08-04,P003,22,131978,5999,0,274,5786,141,0
2024-08-04,P004,34,146166,4299,0,364,4179,185,0
2024-08-05,P001,43,50267,1169,1,424,13153,79,0
2024-08-05,P002,19,66481,3499,0,200,2425,195,0
2024-08-05,P003,20,119980,5999,0,254,5244,130,0
2024-08-05,P004,32,137568,4299,0,350,5499,139,0
2024-08-06,P001,41,53259,1299,0,341,2346,123,0
2024-08-06,P002,23,80477,3499,0,322,5868,159,0
2024-08-06,P003,17,101983,5999,0,225,5850,164,0
2024-08-06,P004,20,85980,4299,0,213,7543,246,0
2024-08-07,P001,38,49362,1299,0,383,3837,168,0
2024-08-07,P002,23,80477,3499,0,254,5375,153,0
2024-08-07,P003,15,89985,5999,0,162,5725,168,0
2024-08-07,P004,29,124671,4299,0,215,1656,202,0
2024-08-08,P001,41,53259,1299,0,314,3787,153,0
2024-08-08,P002,18,62982,3499,0,244,6327,83,0
2024-08-08,P003,5,29995,5999,0,36,4327,174,0
2024-08-08,P004,19,81681,4299,0,126,3918,209,0
2024-08-09,P001,45,52605,1169,1,439,13529,156,0
2024-08-09,P002,22,76978,3499,0,141,5619,120,0
2024-08-09,P003,9,53991,5999,0,108,6937,189,0
2024-08-09,P004,29,124671,4299,0,208,4136,118,0
2024-08-10,P001,42,54558,1299,0,400,3343,114,0
2024-08-10,P002,28,97972,3499,0,345,4830,115,0
2024-08-10,P003,15,89985,5999,0,99,5804,105,0
2024-08-10,P004,33,141867,4299,0,288,5555,161,0
2024-08-11,P001,43,55857,1299,0,724,2049,55,0
2024-08-11,P002,21,73479,3499,0,202,4080,219,0
2024-08-11,P003,23,137977,5999,0,227,7010,211,0
2024-08-11,P004,30,128970,4299,0,271,5405,128,0
2024-08-12,P001,25,32475,1299,0,311,5537,169,0
2024-08-12,P002,19,66481,3499,0,201,4208,162,0
2024-08-12,P003,24,129576,5399,1,184,14040,119,0
2024-08-12,P004,30,128970,4299,0,361,4451,131,0
2024-08-13,P001,31,40269,1299,0,155,7614,166,0
2024-08-13,P002,18,62982,3499,0,152,1000,247,0
2024-08-13,P003,26,140374,5399,1,279,9395,53,0
2024-08-13,P004,32,137568,4299,0,286,4130,178,0
2024-08-14,P001,29,37671,1299,0,408,7532,89,0
2024-08-14,P002,21,73479,3499,0,236,3502,106,0
2024-08-14,P003,21,125979,5999,0,199,5895,173,0
2024-08-14,P004,25,107475,4299,0,258,6816,137,0
2024-08-15,P001,31,40269,1299,0,205,7265,165,0
2024-08-15,P002,13,45487,3499,0,140,3395,120,0
2024-08-15,P003,15,89985,5999,0,135,1312,158,0
2024-08-15,P004,26,111774,4299,0,274,5542,155,0
2024-08-16,P001,35,45465,1299,0,412,4050,183,0
2024-08-16,P002,18,62982,3499,0,131,6314,188,0
2024-08-16,P003,10,59990,5999,0,50,3751,85,0
2024-08-16,P004,29,124671,4299,0,336,7268,112,0
2024-08-17,P001,44,57156,1299,0,320,5913,106,0
2024-08-17,P002,29,101471,3499,0,283,3825,205,0
2024-08-17,P003,19,113981,5999,0,242,3303,228,0
2024-08-17,P004,37,159063,4299,0,426,8086,171,0
2024-08-18,P001,42,54558,1299,0,366,5871,98,0
2024-08-18,P002,24,83976,3499,0,277,5874,112,0
2024-08-18,P003,19,113981,5999,0,273,4240,187,0
2024-08-18,P004,48,185712,3869,1,534,13100,135,0
2024-08-19,P001,31,40269,1299,0,369,5510,92,0
2024-08-19,P002,13,45487,3499,0,110,2912,150,0
2024-08-19,P003,16,95984,5999,0,122,4092,173,0
2024-08-19,P004,39,167661,4299,0,195,3559,91,0
2024-08-20,P001,29,37671,1299,0,173,5791,145,0
2024-08-20,P002,16,55984,3499,0,140,3327,144,0
2024-08-20,P003,23,137977,5999,0,271,3309,103,0
2024-08-20,P004,29,124671,4299,0,258,7604,227,0
2024-08-21,P001,26,33774,1299,0,296,5175,159,0
2024-08-21,P002,19,59831,3149,1,183,9959,171,0
2024-08-21,P003,11,65989,5999,0,122,2221,200,0
2024-08-21,P004,26,111774,4299,0,203,5367,81,0
2024-08-22,P001,35,45465,1299,0,448,4738,154,0
2024-08-22,P002,25,87475,3499,0,372,6327,189,0
2024-08-22,P003,18,107982,5999,0,215,5862,161,0
2024-08-22,P004,27,116073,4299,0,242,3659,139,0
2024-08-23,P001,32,41568,1299,0,371,3051,208,0
2024-08-23,P002,22,76978,3499,0,271,5063,145,0
2024-08-23,P003,18,107982,5999,0,136,4289,206,0
2024-08-23,P004,24,103176,4299,0,235,4416,149,0
2024-08-24,P001,36,46764,1299,0,349,6284,39,0
2024-08-24,P002,32,100768,3149,1,395,12302,99,0
2024-08-24,P003,21,125979,5999,0,217,7790,93,0
2024-08-24,P004,34,146166,4299,0,269,5409,177,0
2024-08-25,P001,38,49362,1299,0,295,3579,175,0
2024-08-25,P002,24,83976,3499,0,149,2236,186,0
2024-08-25,P003,18,107982,5999,0,267,4793,184,0
2024-08-25,P004,33,141867,4299,0,334,3542,85,0
2024-08-26,P001,29,37671,1299,0,212,4395,44,0
2024-08-26,P002,19,66481,3499,0,173,6307,176,0
2024-08-26,P003,16,95984,5999,0,80,6793,131,0
2024-08-26,P004,26,111774,4299,0,225,4830,87,0
2024-08-27,P001,35,45465,1299,0,516,5295,67,0
2024-08-27,P002,28,97972,3499,0,224,9666,117,0
2024-08-27,P003,13,77987,5999,0,184,7660,200,0
2024-08-27,P004,31,133269,4299,0,452,7067,108,0
2024-08-28,P001,34,44166,1299,0,337,6893,120,0
2024-08-28,P002,26,90974,3499,0,274,5166,159,0
2024-08-28,P003,11,65989,5999,0,117,4648,124,0
2024-08-28,P004,28,120372,4299,0,175,5794,226,0
2024-08-29,P001,30,38970,1299,0,274,4970,232,0
2024-08-29,P002,20,69980,3499,0,188,6097,190,0
2024-08-29,P003,10,59990,5999,0,92,6304,160,0
2024-08-29,P004,28,120372,4299,0,302,4422,154,0
2024-08-30,P001,33,42867,1299,0,337,4797,196,0
2024-08-30,P002,19,66481,3499,0,207,5970,141,0
2024-08-30,P003,16,95984,5999,0,147,7583,157,0
2024-08-30,P004,36,154764,4299,0,453,6704,137,0
2024-08-31,P001,41,53259,1299,0,353,3877,131,0
2024-08-31,P002,20,69980,3499,0,158,6418,140,0
2024-08-31,P003,14,83986,5999,0,83,5975,184,0
2024-08-31,P004,40,171960,4299,0,347,5320,154,0
2024-09-01,P001,38,49362,1299,0,279,4669,222,0
2024-09-01,P002,23,80477,3499,0,233,3962,144,0
2024-09-01,P003,22,131978,5999,0,262,6425,200,0
2024-09-01,P004,34,146166,4299,0,451,8716,149,0
2024-09-02,P001,25,32475,1299,0,235,6758,162,0
2024-09-02,P002,18,62982,3499,0,168,5002,132,0
2024-09-02,P003,14,83986,5999,0,128,4176,124,0
2024-09-02,P004,32,137568,4299,0,222,5059,181,0
2024-09-03,P001,32,41568,1299,0,269,7503,112,0
2024-09-03,P002,21,73479,3499,0,184,6590,123,0
2024-09-03,P003,20,119980,5999,0,216,7290,152,0
2024-09-03,P004,41,176259,4299,0,407,4569,144,0
2024-09-04,P001,41,47929,1169,1,424,10474,120,0
2024-09-04,P002,26,81874,3149,1,195,9365,168,0
2024-09-04,P003,20,119980,5999,0,149,4432,205,0
2024-09-04,P004,31,133269,4299,0,371,5153,169,0
2024-09-05,P001,36,46764,1299,0,344,5459,126,0
2024-09-05,P002,14,48986,3499,0,124,5595,154,0
2024-09-05,P003,15,89985,5999,0,178,4570,205,0
2024-09-05,P004,30,128970,4299,0,306,2975,197,0
2024-09-06,P001,20,25980,1299,0,190,3830,110,0
2024-09-06,P002,24,83976,3499,0,256,4548,189,0
2024-09-06,P003,25,149975,5999,0,206,4640,283,0
2024-09-06,P004,32,137568,4299,0,425,6400,141,0
2024-09-07,P001,38,49362,1299,0,347,5322,55,0
2024-09-07,P002,24,83976,3499,0,271,3362,235,0
2024-09-07,P003,27,145773,5399,1,249,13296,133,0
2024-09-07,P004,35,150465,4299,0,375,4824,131,0
2024-09-08,P001,39,50661,1299,0,411,4488,168,0
2024-09-08,P002,29,101471,3499,0,283,6403,153,0
2024-09-08,P003,25,134975,5399,1,281,14118,172,0
2024-09-08,P004,32,137568,4299,0,355,5049,165,0
2024-09-09,P001,35,45465,1299,0,393,7588,100,0
2024-09-09,P002,14,48986,3499,0,181,5772,147,0
2024-09-09,P003,23,137977,5999,0,224,3483,87,0
2024-09-09,P004,30,128970,4299,0,340,3578,149,0
2024-09-10,P001,35,45465,1299,0,215,6341,136,0
2024-09-10,P002,31,97619,3149,1,176,11883,104,0
2024-09-10,P003,14,83986,5999,0,141,4243,164,0
2024-09-10,P004,30,128970,4299,0,355,4928,157,0
2024-09-11,P001,31,40269,1299,0,356,5688,143,0
2024-09-11,P002,19,59831,3149,1,235,13720,132,0
2024-09-11,P003,24,143976,5999,0,292,5548,183,0
2024-09-11,P004,26,111774,4299,0,323,4216,151,0
2024-09-12,P001,28,36372,1299,0,281,2628,172,0
2024-09-12,P002,22,76978,3499,0,159,6033,180,0
2024-09-12,P003,15,89985,5999,0,180,4597,145,0
2024-09-12,P004,32,137568,4299,0,220,3708,126,0
2024-09-13,P001,32,41568,1299,0,191,5794,164,0
2024-09-13,P002,28,97972,3499,0,161,7808,113,0
2024-09-13,P003,15,89985,5999,0,87,7199,181,0
2024-09-13,P004,29,124671,4299,0,216,7501,176,0
2024-09-14,P001,37,48063,1299,0,405,3879,169,0
2024-09-14,P002,31,97619,3149,1,324,11188,139,0
2024-09-14,P003,11,65989,5999,0,107,6922,163,0
2024-09-14,P004,39,167661,4299,0,337,5321,154,0
2024-09-15,P001,44,57156,1299,0,239,8679,191,0
2024-09-15,P002,41,129109,3149,1,341,12825,123,0
2024-09-15,P003,20,119980,5999,0,221,5025,116,0
2024-09-15,P004,58,224402,3869,1,441,17846,123,0
2024-09-16,P001,30,38970,1299,0,360,4072,216,0
2024-09-16,P002,24,83976,3499,0,246,2957,102,0
2024-09-16,P003,21,125979,5999,0,266,4218,196,0
2024-09-16,P004,35,150465,4299,0,336,1321,169,0
2024-09-17,P001,31,40269,1299,0,284,2632,180,0
2024-09-17,P002,20,69980,3499,0,196,6067,176,0
2024-09-17,P003,16,95984,5999,0,127,2364,198,0
2024-09-17,P004,27,116073,4299,0,317,5662,103,0
2024-09-18,P001,29,37671,1299,0,214,5232,155,0
2024-09-18,P002,23,80477,3499,0,156,3796,152,0
2024-09-18,P003,15,89985,5999,0,122,4142,150,0
2024-09-18,P004,41,176259,4299,0,421,6863,119,0
2024-09-19,P001,29,37671,1299,0,327,6309,151,0
2024-09-19,P002,27,94473,3499,0,285,4415,193,0
2024-09-19,P003,10,59990,5999,0,58,4232,180,0
2024-09-19,P004,33,141867,4299,0,351,6148,179,0
2024-09-20,P001,33,42867,1299,0,357,5145,197,0
2024-09-20,P002,19,66481,3499,0,140,5383,157,0
2024-09-20,P003,16,95984,5999,0,142,4490,195,0
2024-09-20,P004,24,103176,4299,0,274,3722,155,0
2024-09-21,P001,49,63651,1299,0,499,6886,187,0
2024-09-21,P002,20,69980,3499,0,214,5868,154,0
2024-09-21,P003,8,47992,5999,0,85,6597,163,0
2024-09-21,P004,37,159063,4299,0,533,3892,155,0
2024-09-22,P001,29,37671,1299,0,218,3589,215,0
2024-09-22,P002,29,101471,3499,0,148,3831,161,0
2024-09-22,P003,20,119980,5999,0,280,4956,145,0
2024-09-22,P004,65,251485,3869,1,699,11367,71,0
2024-09-23,P001,41,47929,1169,1,387,11747,184,0
2024-09-23,P002,13,45487,3499,0,154,5337,133,0
2024-09-23,P003,9,53991,5999,0,95,6463,173,0
2024-09-23,P004,30,128970,4299,0,193,6601,127,0
2024-09-24,P001,30,38970,1299,0,280,3711,199,0
2024-09-24,P002,15,52485,3499,0,134,7805,161,0
2024-09-24,P003,14,83986,5999,0,128,4013,161,0
2024-09-24,P004,32,137568,4299,0,339,5077,186,0
2024-09-25,P001,25,32475,1299,0,236,4301,182,0
2024-09-25,P002,21,73479,3499,0,199,4145,132,0
2024-09-25,P003,19,113981,5999,0,157,5490,128,0
2024-09-25,P004,36,154764,4299,0,424,4694,137,0
2024-09-26,P001,31,40269,1299,0,269,5220,159,0
2024-09-26,P002,25,87475,3499,0,203,6262,172,0
2024-09-26,P003,13,77987,5999,0,118,2733,257,0
2024-09-26,P004,34,146166,4299,0,355,2470,138,0
2024-09-27,P001,29,37671,1299,0,299,6414,145,0
2024-09-27,P002,25,87475,3499,0,305,3345,150,0
2024-09-27,P003,14,83986,5999,0,148,6263,163,0
2024-09-27,P004,34,146166,4299,0,426,2800,182,0
2024-09-28,P001,36,46764,1299,0,424,6917,137,0
2024-09-28,P002,26,90974,3499,0,232,5964,177,0
2024-09-28,P003,19,113981,5999,0,195,3583,138,0
2024-09-28,P004,44,189156,4299,0,242,4126,132,0
2024-09-29,P001,41,53259,1299,0,569,3451,111,0
2024-09-29,P002,26,90974,3499,0,311,3661,137,0
2024-09-29,P003,37,199763,5399,1,355,12490,106,0
2024-09-29,P004,47,202053,4299,0,326,5864,142,0
2024-09-30,P001,40,51960,1299,0,424,3262,213,0
2024-09-30,P002,19,66481,3499,0,201,3124,182,0
2024-09-30,P003,27,161973,5999,0,309,7672,133,0
2024-09-30,P004,31,133269,4299,0,302,6090,165,0
2024-10-01,P001,33,42867,1299,0,376,8767,199,1
2024-10-01,P002,21,73479,3499,0,296,6390,223,1
2024-10-01,P003,19,113981,5999,0,157,5327,97,1
2024-10-01,P004,37,159063,4299,0,291,2458,165,1
2024-10-02,P001,33,42867,1299,0,450,5649,122,1
2024-10-02,P002,26,90974,3499,0,260,5800,140,1
2024-10-02,P003,18,107982,5999,0,287,4948,145,1
2024-10-02,P004,34,146166,4299,0,325,5785,153,1
2024-10-03,P001,30,38970,1299,0,227,4065,196,1
2024-10-03,P002,20,69980,3499,0,228,4214,155,1
2024-10-03,P003,14,83986,5999,0,142,5589,157,1
2024-10-03,P004,37,159063,4299,0,400,3458,175,1
2024-10-04,P001,33,42867,1299,0,308,5717,140,1
2024-10-04,P002,22,76978,3499,0,253,5921,149,1
2024-10-04,P003,17,101983,5999,0,169,5972,168,1
2024-10-04,P004,42,180558,4299,0,395,7005,125,1
2024-10-05,P001,45,58455,1299,0,543,4643,101,1
2024-10-05,P002,26,90974,3499,0,222,3929,107,1
2024-10-05,P003,27,161973,5999,0,472,6870,130,1
2024-10-05,P004,46,197754,4299,0,476,5074,198,1
2024-10-06,P001,44,57156,1299,0,357,6694,157,1
2024-10-06,P002,29,101471,3499,0,301,8242,146,1
2024-10-06,P003,20,119980,5999,0,177,5086,143,1
2024-10-06,P004,44,189156,4299,0,389,5535,133,1
2024-10-07,P001,30,38970,1299,0,245,7173,142,1
2024-10-07,P002,23,80477,3499,0,272,2104,130,1
2024-10-07,P003,20,119980,5999,0,237,1952,188,1
2024-10-07,P004,37,159063,4299,0,510,5071,210,1
2024-10-08,P001,34,44166,1299,0,362,6387,125,1
2024-10-08,P002,25,87475,3499,0,162,4299,197,1
2024-10-08,P003,15,89985,5999,0,184,10194,163,1
2024-10-08,P004,29,124671,4299,0,292,1000,85,1
2024-10-09,P001,39,50661,1299,0,479,7067,109,1
2024-10-09,P002,24,83976,3499,0,235,6748,221,1
2024-10-09,P003,18,107982,5999,0,166,3504,173,1
2024-10-09,P004,44,189156,4299,0,256,6761,97,1
2024-10-10,P001,41,53259,1299,0,364,6231,80,1
2024-10-10,P002,34,107066,3149,1,349,11485,168,1
2024-10-10,P003,20,119980,5999,0,217,5043,107,1
2024-10-10,P004,42,180558,4299,0,476,6131,83,1
2024-10-11,P001,40,51960,1299,0,445,3840,180,1
2024-10-11,P002,29,101471,3499,0,199,5368,180,1
2024-10-11,P003,19,113981,5999,0,175,7297,181,1
2024-10-11,P004,41,176259,4299,0,353,5954,126,1
2024-10-12,P001,49,63651,1299,0,552,4077,126,1
2024-10-12,P002,29,101471,3499,0,279,5659,132,1
2024-10-12,P003,24,143976,5999,0,185,4685,137,1
2024-10-12,P004,41,176259,4299,0,205,2288,166,1
2024-10-13,P001,41,53259,1299,0,562,7254,170,1
2024-10-13,P002,28,97972,3499,0,248,4858,79,1
2024-10-13,P003,26,155974,5999,0,184,5729,182,1
2024-10-13,P004,48,206352,4299,0,579,4358,115,1
2024-10-14,P001,45,52605,1169,1,471,12528,87,1
2024-10-14,P002,21,73479,3499,0,221,6496,167,1
2024-10-14,P003,20,119980,5999,0,191,4380,170,1
2024-10-14,P004,39,167661,4299,0,195,3793,121,1
2024-10-15,P001,36,46764,1299,0,247,7369,132,1
2024-10-15,P002,35,110215,3149,1,319,11812,133,1
2024-10-15,P003,20,119980,5999,0,225,5132,144,1
2024-10-15,P004,53,205057,3869,1,610,12834,168,1
2024-10-16,P001,30,38970,1299,0,241,5357,175,1
2024-10-16,P002,30,104970,3499,0,257,4440,192,1
2024-10-16,P003,24,143976,5999,0,233,4674,169,1
2024-10-16,P004,32,137568,4299,0,415,7186,115,1
2024-10-17,P001,35,45465,1299,0,441,4515,81,1
2024-10-17,P002,21,73479,3499,0,105,4931,120,1
2024-10-17,P003,25,149975,5999,0,231,6670,209,1
2024-10-17,P004,38,163362,4299,0,373,4336,220,1
2024-10-18,P001,33,42867,1299,0,458,5845,194,1
2024-10-18,P002,24,83976,3499,0,227,7702,131,1
2024-10-18,P003,24,143976,5999,0,298,7443,154,1
2024-10-18,P004,42,180558,4299,0,380,7362,201,1
2024-10-19,P001,45,58455,1299,0,344,6869,207,1
2024-10-19,P002,39,136461,3499,0,452,6252,160,1
2024-10-19,P003,22,131978,5999,0,198,7595,125,1
2024-10-19,P004,53,227847,4299,0,429,5109,68,1
2024-10-20,P001,68,79492,1169,1,469,11911,122,1
2024-10-20,P002,30,104970,3499,0,357,8136,142,1
2024-10-20,P003,21,125979,5999,0,218,7522,167,1
2024-10-20,P004,48,206352,4299,0,632,3522,102,1
2024-10-21,P001,33,42867,1299,0,310,4065,128,1
2024-10-21,P002,26,90974,3499,0,198,5523,125,1
2024-10-21,P003,23,137977,5999,0,239,6021,127,1
2024-10-21,P004,38,163362,4299,0,317,3728,204,1
2024-10-22,P001,41,53259,1299,0,420,6256,229,1
2024-10-22,P002,18,62982,3499,0,236,8865,152,1
2024-10-22,P003,26,140374,5399,1,271,11192,149,1
2024-10-22,P004,46,197754,4299,0,550,3425,172,1
2024-10-23,P001,42,54558,1299,0,459,3002,180,1
2024-10-23,P002,19,66481,3499,0,252,5500,183,1
2024-10-23,P003,19,113981,5999,0,132,6973,217,1
2024-10-23,P004,31,133269,4299,0,412,4919,114,1
2024-10-24,P001,35,45465,1299,0,495,4912,111,1
2024-10-24,P002,24,83976,3499,0,229,4884,148,1
2024-10-24,P003,23,137977,5999,0,180,1910,126,1
2024-10-24,P004,34,146166,4299,0,417,4935,104,1
2024-10-25,P001,31,40269,1299,0,318,8286,139,1
2024-10-25,P002,24,83976,3499,0,263,6309,191,1
2024-10-25,P003,24,143976,5999,0,198,5827,187,1
2024-10-25,P004,32,137568,4299,0,293,4966,207,1
2024-10-26,P001,45,58455,1299,0,445,2944,96,1
2024-10-26,P002,25,87475,3499,0,224,6222,157,1
2024-10-26,P003,25,149975,5999,0,249,6153,189,1
2024-10-26,P004,43,184857,4299,0,233,7489,79,1
2024-10-27,P001,44,57156,1299,0,305,6689,66,1
2024-10-27,P002,36,125964,3499,0,435,4554,171,1
2024-10-27,P003,28,167972,5999,0,140,4643,122,1
2024-10-27,P004,56,240744,4299,0,455,5781,120,1
2024-10-28,P001,36,46764,1299,0,349,4871,78,1
2024-10-28,P002,27,94473,3499,0,272,2428,217,1
2024-10-28,P003,24,143976,5999,0,204,4393,143,1
2024-10-28,P004,55,212795,3869,1,561,13613,205,1
2024-10-29,P001,47,54943,1169,1,588,12139,110,1
2024-10-29,P002,21,73479,3499,0,161,4220,161,1
2024-10-29,P003,21,125979,5999,0,206,4568,117,1
2024-10-29,P004,28,120372,4299,0,320,3504,148,1
2024-10-30,P001,36,46764,1299,0,301,4561,206,1
2024-10-30,P002,30,104970,3499,0,350,4999,208,1
2024-10-30,P003,17,101983,5999,0,185,5530,167,1
2024-10-30,P004,42,180558,4299,0,403,7922,162,1
2024-10-31,P001,36,46764,1299,0,299,6534,170,1
2024-10-31,P002,20,69980,3499,0,194,7439,161,1
2024-10-31,P003,23,137977,5999,0,203,5534,177,1
2024-10-31,P004,43,184857,4299,0,290,3476,116,1
2024-11-01,P001,39,50661,1299,0,267,7351,208,1
2024-11-01,P002,20,69980,3499,0,239,3247,181,1
2024-11-01,P003,24,143976,5999,0,141,6371,164,1
2024-11-01,P004,35,150465,4299,0,273,4353,187,1
2024-11-02,P001,46,59754,1299,0,464,3519,114,1
2024-11-02,P002,40,125960,3149,1,365,12116,95,1
2024-11-02,P003,23,137977,5999,0,300,3827,112,1
2024-11-02,P004,43,184857,4299,0,460,3200,179,1
2024-11-03,P001,55,71445,1299,0,408,7395,148,1
2024-11-03,P002,34,118966,3499,0,170,2910,212,1
2024-11-03,P003,27,161973,5999,0,204,4983,169,1
2024-11-03,P004,48,206352,4299,0,410,3938,85,1
2024-11-04,P001,42,54558,1299,0,433,5334,134,1
2024-11-04,P002,28,97972,3499,0,140,4169,112,1
2024-11-04,P003,26,155974,5999,0,276,5178,106,1
2024-11-04,P004,45,193455,4299,0,590,4478,200,1
2024-11-05,P001,39,50661,1299,0,521,5716,187,1
2024-11-05,P002,25,87475,3499,0,223,5899,129,1
2024-11-05,P003,28,167972,5999,0,371,5644,187,1
2024-11-05,P004,38,163362,4299,0,235,4011,123,1
2024-11-06,P001,35,45465,1299,0,451,5025,138,1
2024-11-06,P002,33,115467,3499,0,328,5033,108,1
2024-11-06,P003,15,89985,5999,0,152,4983,169,1
2024-11-06,P004,47,202053,4299,0,324,5604,106,1
2024-11-07,P001,44,57156,1299,0,364,4624,156,1
2024-11-07,P002,26,90974,3499,0,354,7519,158,1
2024-11-07,P003,21,125979,5999,0,208,4836,242,1
2024-11-07,P004,38,163362,4299,0,375,5735,103,1
2024-11-08,P001,34,44166,1299,0,335,3275,170,1
2024-11-08,P002,27,94473,3499,0,357,5301,147,1
2024-11-08,P003,20,119980,5999,0,137,6020,124,1
2024-11-08,P004,46,197754,4299,0,735,5482,118,1
2024-11-09,P001,48,62352,1299,0,479,7215,36,1
2024-11-09,P002,30,104970,3499,0,314,5615,99,1
2024-11-09,P003,30,179970,5999,0,421,3690,93,1
2024-11-09,P004,50,214950,4299,0,469,3661,175,1
2024-11-10,P001,43,55857,1299,0,671,4121,137,1
2024-11-10,P002,41,143459,3499,0,494,5175,170,1
2024-11-10,P003,32,191968,5999,0,425,5171,137,1
2024-11-10,P004,50,214950,4299,0,459,5301,49,1
2024-11-11,P001,39,50661,1299,0,246,5885,139,1
2024-11-11,P002,28,97972,3499,0,245,5376,159,1
2024-11-11,P003,19,113981,5999,0,141,3727,145,1
2024-11-11,P004,42,180558,4299,0,389,2091,99,1
2024-11-12,P001,36,46764,1299,0,423,7509,158,1
2024-11-12,P002,28,97972,3499,0,337,5988,204,1
2024-11-12,P003,20,107980,5399,1,219,12204,155,1
2024-11-12,P004,43,184857,4299,0,432,5720,120,1
2024-11-13,P001,43,55857,1299,0,459,6599,190,1
2024-11-13,P002,15,52485,3499,0,149,6104,229,1
2024-11-13,P003,24,143976,5999,0,259,5416,90,1
2024-11-13,P004,40,171960,4299,0,558,7803,95,1
2024-11-14,P001,39,50661,1299,0,609,6350,180,1
2024-11-14,P002,27,94473,3499,0,333,4683,96,1
2024-11-14,P003,23,137977,5999,0,181,3498,200,1
2024-11-14,P004,43,184857,4299,0,513,6469,82,1
2024-11-15,P001,40,51960,1299,0,381,6205,135,1
2024-11-15,P002,27,94473,3499,0,323,7927,202,1
2024-11-15,P003,27,161973,5999,0,135,1771,210,1
2024-11-15,P004,42,180558,4299,0,479,4941,177,1
2024-11-16,P001,46,59754,1299,0,329,4319,117,1
2024-11-16,P002,47,148003,3149,1,565,12777,167,1
2024-11-16,P003,27,161973,5999,0,183,4524,144,1
2024-11-16,P004,51,219249,4299,0,411,5297,153,1
2024-11-17,P001,50,64950,1299,0,448,5097,154,1
2024-11-17,P002,38,132962,3499,0,535,2185,161,1
2024-11-17,P003,34,203966,5999,0,354,4925,122,1
2024-11-17,P004,76,294044,3869,1,645,12525,84,1
2024-11-18,P001,45,58455,1299,0,636,5279,107,1
2024-11-18,P002,29,101471,3499,0,320,3322,109,1
2024-11-18,P003,23,137977,5999,0,245,4882,140,1
2024-11-18,P004,45,193455,4299,0,360,1180,167,1
2024-11-19,P001,41,53259,1299,0,542,5291,148,1
2024-11-19,P002,28,97972,3499,0,333,2730,128,1
2024-11-19,P003,22,131978,5999,0,204,5318,212,1
2024-11-19,P004,42,180558,4299,0,575,6430,162,1
2024-11-20,P001,33,42867,1299,0,284,5568,194,1
2024-11-20,P002,26,90974,3499,0,170,6323,155,1
2024-11-20,P003,15,89985,5999,0,166,3535,207,1
2024-11-20,P004,46,197754,4299,0,328,4590,69,1
2024-11-21,P001,32,41568,1299,0,274,3724,141,1
2024-11-21,P002,23,80477,3499,0,158,6905,189,1
2024-11-21,P003,19,113981,5999,0,178,8613,185,1
2024-11-21,P004,45,193455,4299,0,430,2068,145,1
2024-11-22,P001,29,37671,1299,0,260,4350,152,1
2024-11-22,P002,31,108469,3499,0,263,7267,231,1
2024-11-22,P003,23,137977,5999,0,210,5483,107,1
2024-11-22,P004,46,197754,4299,0,539,8986,127,1
2024-11-23,P001,53,68847,1299,0,472,3679,165,1
2024-11-23,P002,37,129463,3499,0,370,3268,187,1
2024-11-23,P003,24,143976,5999,0,239,7581,148,1
2024-11-23,P004,54,232146,4299,0,514,7724,179,1
2024-11-24,P001,53,68847,1299,0,532,4441,136,1
2024-11-24,P002,31,108469,3499,0,386,8422,150,1
2024-11-24,P003,41,221359,5399,1,404,11601,190,1
2024-11-24,P004,51,219249,4299,0,500,5452,56,1
2024-11-25,P001,34,44166,1299,0,296,6067,160,1
2024-11-25,P002,25,87475,3499,0,318,6844,168,1
2024-11-25,P003,20,119980,5999,0,251,6309,211,1
2024-11-25,P004,43,184857,4299,0,478,5258,152,1
2024-11-26,P001,38,49362,1299,0,529,5890,92,1
2024-11-26,P002,20,69980,3499,0,225,3271,203,1
2024-11-26,P003,24,129576,5399,1,387,14966,134,1
2024-11-26,P004,39,167661,4299,0,325,5560,170,1
2024-11-27,P001,38,49362,1299,0,377,3976,105,1
2024-11-27,P002,33,115467,3499,0,210,4501,220,1
2024-11-27,P003,22,131978,5999,0,269,5472,107,1
2024-11-27,P004,40,171960,4299,0,538,5022,120,1
2024-11-28,P001,44,57156,1299,0,376,5223,163,1
2024-11-28,P002,21,73479,3499,0,282,5089,145,1
2024-11-28,P003,20,119980,5999,0,207,4868,166,1
2024-11-28,P004,43,184857,4299,0,471,6787,148,1
2024-11-29,P001,33,42867,1299,0,383,4730,111,1
2024-11-29,P002,27,94473,3499,0,212,6610,136,1
2024-11-29,P003,27,161973,5999,0,327,6457,196,1
2024-11-29,P004,46,197754,4299,0,438,2387,150,1
2024-11-30,P001,51,66249,1299,0,515,5868,64,1
2024-11-30,P002,47,148003,3149,1,492,13594,154,1
2024-11-30,P003,28,167972,5999,0,381,1771,171,1
2024-11-30,P004,49,210651,4299,0,519,5420,112,1
2024-12-01,P001,51,66249,1299,0,546,2288,128,1
2024-12-01,P002,26,90974,3499,0,318,4359,97,1
2024-12-01,P003,23,137977,5999,0,239,1613,133,1
2024-12-01,P004,57,245043,4299,0,574,5161,111,1
2024-12-02,P001,42,54558,1299,0,398,6049,122,1
2024-12-02,P002,30,104970,3499,0,338,7666,186,1
2024-12-02,P003,26,155974,5999,0,290,7595,161,1
2024-12-02,P004,47,202053,4299,0,358,5285,205,1
2024-12-03,P001,34,44166,1299,0,291,3564,201,1
2024-12-03,P002,27,94473,3499,0,314,5057,164,1
2024-12-03,P003,24,143976,5999,0,219,3827,199,1
2024-12-03,P004,39,167661,4299,0,243,6095,130,1
2024-12-04,P001,40,51960,1299,0,469,5600,129,1
2024-12-04,P002,30,104970,3499,0,368,5212,208,1
2024-12-04,P003,27,161973,5999,0,218,7151,111,1
2024-12-04,P004,38,163362,4299,0,385,3261,101,1
2024-12-05,P001,36,46764,1299,0,381,5439,120,1
2024-12-05,P002,29,101471,3499,0,273,6684,158,1
2024-12-05,P003,26,155974,5999,0,208,3057,117,1
2024-12-05,P004,47,202053,4299,0,520,6140,95,1
2024-12-06,P001,36,46764,1299,0,241,5071,134,1
2024-12-06,P002,32,111968,3499,0,230,4336,164,1
2024-12-06,P003,25,149975,5999,0,242,4024,136,1
2024-12-06,P004,40,171960,4299,0,378,4447,203,1
2024-12-07,P001,47,61053,1299,0,552,4437,184,1
2024-12-07,P002,26,90974,3499,0,237,6877,153,1
2024-12-07,P003,38,227962,5999,0,381,2789,118,1
2024-12-07,P004,51,219249,4299,0,674,3549,133,1
2024-12-08,P001,68,79492,1169,1,680,13335,139,1
2024-12-08,P002,36,125964,3499,0,306,5206,76,1
2024-12-08,P003,35,209965,5999,0,351,5409,151,1
2024-12-08,P004,57,245043,4299,0,557,5000,105,1
2024-12-09,P001,44,57156,1299,0,419,2248,129,1
2024-12-09,P002,29,101471,3499,0,264,6512,134,1
2024-12-09,P003,27,161973,5999,0,294,5895,142,1
2024-12-09,P004,32,137568,4299,0,288,7681,142,1
2024-12-10,P001,34,44166,1299,0,289,6226,205,1
2024-12-10,P002,28,97972,3499,0,270,6306,157,1
2024-12-10,P003,12,71988,5999,0,91,4500,175,1
2024-12-10,P004,42,180558,4299,0,495,5138,153,1
2024-12-11,P001,44,57156,1299,0,497,7216,149,1
2024-12-11,P002,24,83976,3499,0,278,4136,175,1
2024-12-11,P003,23,137977,5999,0,254,6247,154,1
2024-12-11,P004,39,167661,4299,0,490,5965,177,1
2024-12-12,P001,46,59754,1299,0,294,6009,87,1
2024-12-12,P002,27,94473,3499,0,307,6534,117,1
2024-12-12,P003,27,161973,5999,0,307,4520,198,1
2024-12-12,P004,64,247616,3869,1,828,11660,159,1
2024-12-13,P001,40,51960,1299,0,271,6524,163,1
2024-12-13,P002,34,118966,3499,0,295,6986,95,1
2024-12-13,P003,16,95984,5999,0,93,5752,161,1
2024-12-13,P004,44,189156,4299,0,670,4404,153,1
2024-12-14,P001,52,67548,1299,0,617,3582,96,1
2024-12-14,P002,40,139960,3499,0,495,6989,138,1
2024-12-14,P003,28,167972,5999,0,369,4036,138,1
2024-12-14,P004,56,240744,4299,0,444,5312,165,1
2024-12-15,P001,49,63651,1299,0,652,5841,87,1
2024-12-15,P002,32,111968,3499,0,395,3120,155,1
2024-12-15,P003,31,185969,5999,0,378,6589,157,1
2024-12-15,P004,57,245043,4299,0,493,4692,169,1
2024-12-16,P001,52,67548,1299,0,423,3900,199,1
2024-12-16,P002,28,97972,3499,0,347,6176,127,1
2024-12-16,P003,17,101983,5999,0,141,5587,143,1
2024-12-16,P004,38,163362,4299,0,275,5421,166,1
2024-12-17,P001,43,55857,1299,0,385,5028,107,1
2024-12-17,P002,27,94473,3499,0,260,4748,228,1
2024-12-17,P003,27,161973,5999,0,319,7181,144,1
2024-12-17,P004,47,202053,4299,0,495,6512,147,1
2024-12-18,P001,38,49362,1299,0,359,6404,98,1
2024-12-18,P002,34,118966,3499,0,376,6369,176,1
2024-12-18,P003,31,185969,5999,0,256,6419,161,1
2024-12-18,P004,43,184857,4299,0,488,5794,111,1
2024-12-19,P001,34,44166,1299,0,282,2039,80,1
2024-12-19,P002,29,101471,3499,0,376,5899,164,1
2024-12-19,P003,23,137977,5999,0,379,8511,182,1
2024-12-19,P004,40,171960,4299,0,478,4105,94,1
2024-12-20,P001,60,70140,1169,1,571,12659,193,1
2024-12-20,P002,28,97972,3499,0,346,3151,161,1
2024-12-20,P003,21,125979,5999,0,183,3779,157,1
2024-12-20,P004,41,176259,4299,0,339,4359,53,1
2024-12-21,P001,55,71445,1299,0,355,5088,144,1
2024-12-21,P002,36,125964,3499,0,389,6622,163,1
2024-12-21,P003,31,185969,5999,0,330,5564,163,1
2024-12-21,P004,70,270830,3869,1,864,12040,38,1
2024-12-22,P001,49,63651,1299,0,413,3401,134,1
2024-12-22,P002,38,132962,3499,0,262,5878,121,1
2024-12-22,P003,34,203966,5999,0,358,4509,154,1
2024-12-22,P004,40,171960,4299,0,463,3814,134,1
2024-12-23,P001,46,59754,1299,0,760,2749,149,1
2024-12-23,P002,43,135407,3149,1,425,13235,109,1
2024-12-23,P003,23,137977,5999,0,287,7727,189,1
2024-12-23,P004,43,184857,4299,0,481,3859,82,1
2024-12-24,P001,38,49362,1299,0,495,5550,160,1
2024-12-24,P002,50,157450,3149,1,665,15454,136,1
2024-12-24,P003,25,149975,5999,0,191,3257,182,1
2024-12-24,P004,37,159063,4299,0,497,3045,152,1
2024-12-25,P001,31,40269,1299,0,331,6152,180,1
2024-12-25,P002,41,129109,3149,1,275,11098,143,1
2024-12-25,P003,37,199763,5399,1,357,13117,114,1
2024-12-25,P004,44,189156,4299,0,496,4254,113,1
2024-12-26,P001,48,62352,1299,0,467,4619,170,1
2024-12-26,P002,39,136461,3499,0,465,3907,142,1
2024-12-26,P003,23,137977,5999,0,245,7222,193,1
2024-12-26,P004,43,184857,4299,0,400,5458,96,1
2024-12-27,P001,49,63651,1299,0,410,5637,156,1
2024-12-27,P002,22,76978,3499,0,182,3103,48,1
2024-12-27,P003,23,137977,5999,0,250,5281,103,1
2024-12-27,P004,39,167661,4299,0,430,5643,109,1
2024-12-28,P001,52,67548,1299,0,397,5033,103,1
2024-12-28,P002,42,146958,3499,0,566,2072,79,1
2024-12-28,P003,31,185969,5999,0,306,5078,213,1
2024-12-28,P004,52,223548,4299,0,629,4434,176,1
2024-12-29,P001,53,68847,1299,0,607,6486,167,1
2024-12-29,P002,41,143459,3499,0,365,3682,172,1
2024-12-29,P003,30,179970,5999,0,310,6144,183,1
2024-12-29,P004,52,223548,4299,0,587,6568,98,1
2024-12-30,P001,40,51960,1299,0,323,8167,121,1
2024-12-30,P002,31,108469,3499,0,401,7350,239,1
2024-12-30,P003,28,167972,5999,0,362,6648,184,1
2024-12-30,P004,42,180558,4299,0,388,5040,108,1
2024-12-31,P001,41,53259,1299,0,317,4735,160,1
2024-12-31,P002,29,101471,3499,0,326,6513,164,1
2024-12-31,P003,26,155974,5999,0,224,2400,115,1
2024-12-31,P004,42,180558,4299,0,389,1139,110,1
2025-01-01,P001,42,54558,1299,0,442,2301,194,0
2025-01-01,P002,24,83976,3499,0,152,4219,137,0
2025-01-01,P003,23,137977,5999,0,169,6567,159,0
2025-01-01,P004,38,163362,4299,0,484,6169,99,0
2025-01-02,P001,32,41568,1299,0,312,6055,98,0
2025-01-02,P002,17,59483,3499,0,183,2943,150,0
2025-01-02,P003,13,77987,5999,0,95,2698,160,0
2025-01-02,P004,29,124671,4299,0,390,4769,140,0
2025-01-03,P001,36,46764,1299,0,347,5283,76,0
2025-01-03,P002,29,101471,3499,0,376,7593,95,0
2025-01-03,P003,23,137977,5999,0,253,4198,133,0
2025-01-03,P004,38,163362,4299,0,489,6412,93,0
2025-01-04,P001,48,62352,1299,0,376,5366,129,0
2025-01-04,P002,31,108469,3499,0,328,8093,141,0
2025-01-04,P003,19,113981,5999,0,193,3887,157,0
2025-01-04,P004,46,197754,4299,0,616,5490,94,0
2025-01-05,P001,43,55857,1299,0,423,7833,75,0
2025-01-05,P002,28,97972,3499,0,292,4083,154,0
2025-01-05,P003,29,173971,5999,0,291,3895,152,0
2025-01-05,P004,49,210651,4299,0,524,3213,105,0
2025-01-06,P001,37,48063,1299,0,586,7378,181,0
2025-01-06,P002,22,76978,3499,0,219,6651,195,0
2025-01-06,P003,27,161973,5999,0,318,1000,207,0
2025-01-06,P004,47,181843,3869,1,447,9691,150,0
2025-01-07,P001,32,41568,1299,0,218,3570,130,0
2025-01-07,P002,23,80477,3499,0,275,5250,64,0
2025-01-07,P003,21,125979,5999,0,131,5634,136,0
2025-01-07,P004,29,124671,4299,0,300,6766,201,0
2025-01-08,P001,41,53259,1299,0,262,5633,158,0
2025-01-08,P002,28,97972,3499,0,392,3020,146,0
2025-01-08,P003,35,188965,5399,1,287,12810,121,0
2025-01-08,P004,28,120372,4299,0,302,5501,130,0
2025-01-09,P001,43,55857,1299,0,481,4023,124,0
2025-01-09,P002,22,76978,3499,0,313,6012,93,0
2025-01-09,P003,22,131978,5999,0,178,6278,108,0
2025-01-09,P004,40,171960,4299,0,461,5596,118,0
2025-01-10,P001,61,71309,1169,1,630,10752,104,0
2025-01-10,P002,30,104970,3499,0,298,5838,42,0
2025-01-10,P003,18,107982,5999,0,216,2867,149,0
2025-01-10,P004,41,176259,4299,0,303,5591,153,0
2025-01-11,P001,49,63651,1299,0,426,4596,152,0
2025-01-11,P002,35,122465,3499,0,308,6367,182,0
2025-01-11,P003,32,172768,5399,1,290,13197,137,0
2025-01-11,P004,44,189156,4299,0,554,2767,129,0
2025-01-12,P001,50,64950,1299,0,498,3780,199,0
2025-01-12,P002,30,104970,3499,0,265,4575,198,0
2025-01-12,P003,24,143976,5999,0,222,7510,218,0
2025-01-12,P004,40,171960,4299,0,334,4370,140,0
2025-01-13,P001,40,51960,1299,0,208,5665,180,0
2025-01-13,P002,28,97972,3499,0,358,5764,111,0
2025-01-13,P003,20,119980,5999,0,154,5279,166,0
2025-01-13,P004,29,124671,4299,0,154,6965,163,0
2025-01-14,P001,41,53259,1299,0,413,6219,82,0
2025-01-14,P002,29,101471,3499,0,355,3551,134,0
2025-01-14,P003,18,107982,5999,0,127,3959,139,0
2025-01-14,P004,33,141867,4299,0,378,5352,187,0
2025-01-15,P001,38,49362,1299,0,508,4825,192,0
2025-01-15,P002,37,116513,3149,1,306,13035,130,0
2025-01-15,P003,23,137977,5999,0,203,5638,94,0
2025-01-15,P004,33,141867,4299,0,341,1917,100,0
2025-01-16,P001,41,53259,1299,0,512,3159,150,0
2025-01-16,P002,28,97972,3499,0,172,4162,208,0
2025-01-16,P003,22,131978,5999,0,247,2747,196,0
2025-01-16,P004,58,224402,3869,1,672,12739,93,0
2025-01-17,P001,40,51960,1299,0,466,3507,133,0
2025-01-17,P002,27,94473,3499,0,229,3808,181,0
2025-01-17,P003,15,89985,5999,0,124,4775,222,0
2025-01-17,P004,37,159063,4299,0,481,4048,102,0
2025-01-18,P001,63,73647,1169,1,865,12864,108,0
2025-01-18,P002,37,129463,3499,0,400,5583,217,0
2025-01-18,P003,39,210561,5399,1,233,13112,161,0
2025-01-18,P004,56,216664,3869,1,457,12518,126,0
2025-01-19,P001,69,80661,1169,1,758,13711,138,0
2025-01-19,P002,38,132962,3499,0,474,5283,106,0
2025-01-19,P003,21,125979,5999,0,208,5930,157,0
2025-01-19,P004,43,184857,4299,0,253,6207,127,0
2025-01-20,P001,42,54558,1299,0,430,5163,176,0
2025-01-20,P002,25,87475,3499,0,203,3426,130,0
2025-01-20,P003,12,71988,5999,0,141,6845,180,0
2025-01-20,P004,32,137568,4299,0,381,5097,166,0
2025-01-21,P001,42,54558,1299,0,497,4436,123,0
2025-01-21,P002,30,104970,3499,0,269,6938,140,0
2025-01-21,P003,26,155974,5999,0,298,5529,136,0
2025-01-21,P004,38,163362,4299,0,333,4636,130,0
2025-01-22,P001,37,48063,1299,0,274,6231,107,0
2025-01-22,P002,32,111968,3499,0,292,3286,191,0
2025-01-22,P003,24,129576,5399,1,248,14600,140,0
2025-01-22,P004,28,120372,4299,0,240,4777,139,0
2025-01-23,P001,48,62352,1299,0,502,4709,191,0
2025-01-23,P002,32,111968,3499,0,327,5774,120,0
2025-01-23,P003,17,101983,5999,0,215,4001,129,0
2025-01-23,P004,33,141867,4299,0,409,5061,102,0
2025-01-24,P001,37,48063,1299,0,305,4819,157,0
2025-01-24,P002,33,115467,3499,0,354,7443,213,0
2025-01-24,P003,23,137977,5999,0,272,5807,196,0
2025-01-24,P004,36,154764,4299,0,361,4388,174,0
2025-01-25,P001,49,63651,1299,0,539,6850,86,0
2025-01-25,P002,31,108469,3499,0,350,4942,150,0
2025-01-25,P003,22,131978,5999,0,231,4291,183,0
2025-01-25,P004,43,184857,4299,0,383,2996,98,0
2025-01-26,P001,42,54558,1299,0,576,7856,152,0
2025-01-26,P002,42,146958,3499,0,438,8684,133,0
2025-01-26,P003,25,149975,5999,0,155,1413,248,0
2025-01-26,P004,31,133269,4299,0,276,6597,129,0
2025-01-27,P001,36,46764,1299,0,366,5180,199,0
2025-01-27,P002,29,101471,3499,0,358,3555,91,0
2025-01-27,P003,17,101983,5999,0,252,1000,87,0
2025-01-27,P004,36,154764,4299,0,403,10245,137,0
2025-01-28,P001,38,49362,1299,0,419,4257,194,0
2025-01-28,P002,22,76978,3499,0,262,7699,207,0
2025-01-28,P003,16,95984,5999,0,99,2817,191,0
2025-01-28,P004,41,176259,4299,0,458,3162,54,0
2025-01-29,P001,42,54558,1299,0,408,4264,161,0
2025-01-29,P002,27,94473,3499,0,321,5275,110,0
2025-01-29,P003,22,131978,5999,0,238,2385,121,0
2025-01-29,P004,35,150465,4299,0,226,6597,162,0
2025-01-30,P001,39,50661,1299,0,474,4054,124,0
2025-01-30,P002,29,101471,3499,0,351,2772,208,0
2025-01-30,P003,26,155974,5999,0,367,5546,175,0
2025-01-30,P004,34,146166,4299,0,225,5137,123,0
2025-01-31,P001,38,49362,1299,0,234,5536,153,0
2025-01-31,P002,29,101471,3499,0,220,5267,204,0
2025-01-31,P003,18,107982,5999,0,255,4675,84,0
2025-01-31,P004,25,107475,4299,0,227,3633,157,0
2025-02-01,P001,51,66249,1299,0,486,3770,96,0
2025-02-01,P002,39,136461,3499,0,327,6563,101,0
2025-02-01,P003,23,137977,5999,0,115,6612,168,0
2025-02-01,P004,37,159063,4299,0,469,5430,146,0
2025-02-02,P001,67,78323,1169,1,698,11434,47,0
2025-02-02,P002,40,139960,3499,0,432,2048,119,0
2025-02-02,P003,24,143976,5999,0,313,4490,141,0
2025-02-02,P004,45,193455,4299,0,305,4255,162,0
2025-02-03,P001,40,51960,1299,0,581,3736,137,0
2025-02-03,P002,25,87475,3499,0,227,4714,200,0
2025-02-03,P003,17,101983,5999,0,152,3755,209,0
2025-02-03,P004,33,141867,4299,0,278,4177,160,0
2025-02-04,P001,36,46764,1299,0,231,6597,114,0
2025-02-04,P002,31,108469,3499,0,370,4448,184,0
2025-02-04,P003,16,95984,5999,0,208,5828,140,0
2025-02-04,P004,27,116073,4299,0,274,3585,154,0
2025-02-05,P001,48,62352,1299,0,441,7189,174,0
2025-02-05,P002,28,97972,3499,0,271,4802,144,0
2025-02-05,P003,18,107982,5999,0,136,6856,137,0
2025-02-05,P004,44,189156,4299,0,431,6612,140,0
2025-02-06,P001,38,49362,1299,0,319,3960,127,0
2025-02-06,P002,38,132962,3499,0,424,5527,182,0
2025-02-06,P003,23,137977,5999,0,168,5667,108,0
2025-02-06,P004,33,141867,4299,0,458,6277,187,0
2025-02-07,P001,46,59754,1299,0,648,6539,92,0
2025-02-07,P002,26,90974,3499,0,265,5294,164,0
2025-02-07,P003,15,89985,5999,0,168,6545,171,0
2025-02-07,P004,33,141867,4299,0,403,4215,163,0
2025-02-08,P001,54,70146,1299,0,788,3613,160,0
2025-02-08,P002,33,115467,3499,0,423,7179,151,0
2025-02-08,P003,29,173971,5999,0,358,4763,234,0
2025-02-08,P004,47,202053,4299,0,435,5898,192,0
2025-02-09,P001,52,67548,1299,0,473,5922,65,0
2025-02-09,P002,29,101471,3499,0,248,4765,103,0
2025-02-09,P003,24,143976,5999,0,258,8346,184,0
2025-02-09,P004,43,184857,4299,0,547,5041,113,0
2025-02-10,P001,35,45465,1299,0,459,4932,111,0
2025-02-10,P002,31,108469,3499,0,192,4614,110,0
2025-02-10,P003,21,125979,5999,0,184,4848,130,0
2025-02-10,P004,38,163362,4299,0,355,2869,99,0
2025-02-11,P001,45,58455,1299,0,495,6100,196,0
2025-02-11,P002,30,104970,3499,0,316,6838,184,0
2025-02-11,P003,18,107982,5999,0,157,9890,141,0
2025-02-11,P004,34,146166,4299,0,300,3418,209,0
2025-02-12,P001,37,48063,1299,0,282,6493,137,0
2025-02-12,P002,35,122465,3499,0,388,6064,130,0
2025-02-12,P003,19,113981,5999,0,252,6959,123,0
2025-02-12,P004,30,128970,4299,0,365,3334,177,0
2025-02-13,P001,38,49362,1299,0,416,3658,141,0
2025-02-13,P002,34,118966,3499,0,261,6486,121,0
2025-02-13,P003,23,137977,5999,0,161,5122,88,0
2025-02-13,P004,36,154764,4299,0,338,4056,128,0
2025-02-14,P001,31,40269,1299,0,247,5397,164,0
2025-02-14,P002,34,118966,3499,0,292,4107,121,0
2025-02-14,P003,19,113981,5999,0,182,5799,157,0
2025-02-14,P004,34,146166,4299,0,336,5512,177,0
2025-02-15,P001,51,66249,1299,0,470,4588,142,0
2025-02-15,P002,40,139960,3499,0,402,3463,108,0
2025-02-15,P003,22,131978,5999,0,215,7781,154,0
2025-02-15,P004,44,189156,4299,0,361,5067,177,0
2025-02-16,P001,48,62352,1299,0,499,5552,169,0
2025-02-16,P002,34,118966,3499,0,448,5696,138,0
2025-02-16,P003,25,149975,5999,0,211,5654,78,0
2025-02-16,P004,37,159063,4299,0,566,4102,166,0
2025-02-17,P001,39,50661,1299,0,363,3905,127,0
2025-02-17,P002,33,115467,3499,0,352,4228,250,0
2025-02-17,P003,21,125979,5999,0,210,6082,203,0
2025-02-17,P004,47,181843,3869,1,494,11384,160,0
2025-02-18,P001,41,53259,1299,0,374,4407,142,0
2025-02-18,P002,34,107066,3149,1,383,12262,109,0
2025-02-18,P003,20,119980,5999,0,135,6018,178,0
2025-02-18,P004,49,189581,3869,1,563,11056,164,0
2025-02-19,P001,41,53259,1299,0,370,6830,65,0
2025-02-19,P002,30,104970,3499,0,336,5004,158,0
2025-02-19,P003,16,95984,5999,0,148,3608,185,0
2025-02-19,P004,36,154764,4299,0,428,4469,129,0
2025-02-20,P001,37,48063,1299,0,548,3573,174,0
2025-02-20,P002,30,104970,3499,0,213,4447,161,0
2025-02-20,P003,17,101983,5999,0,235,5718,182,0
2025-02-20,P004,25,107475,4299,0,217,4129,182,0
2025-02-21,P001,42,54558,1299,0,304,5606,153,0
2025-02-21,P002,25,87475,3499,0,223,3605,137,0
2025-02-21,P003,19,113981,5999,0,199,3619,114,0
2025-02-21,P004,34,146166,4299,0,398,3460,144,0
2025-02-22,P001,53,68847,1299,0,533,6088,161,0
2025-02-22,P002,33,115467,3499,0,312,3777,105,0
2025-02-22,P003,17,101983,5999,0,170,5449,168,0
2025-02-22,P004,38,163362,4299,0,300,4386,93,0
2025-02-23,P001,51,66249,1299,0,417,6999,87,0
2025-02-23,P002,26,90974,3499,0,130,4918,134,0
2025-02-23,P003,30,179970,5999,0,253,4459,125,0
2025-02-23,P004,34,146166,4299,0,402,4120,174,0
2025-02-24,P001,43,55857,1299,0,332,7944,55,0
2025-02-24,P002,25,87475,3499,0,242,6265,137,0
2025-02-24,P003,16,95984,5999,0,209,5156,207,0
2025-02-24,P004,30,128970,4299,0,317,4228,134,0
2025-02-25,P001,42,54558,1299,0,531,6036,101,0
2025-02-25,P002,32,111968,3499,0,421,7716,194,0
2025-02-25,P003,25,149975,5999,0,246,2836,145,0
2025-02-25,P004,36,154764,4299,0,507,4771,128,0
2025-02-26,P001,51,66249,1299,0,349,9420,127,0
2025-02-26,P002,40,125960,3149,1,412,9574,120,0
2025-02-26,P003,16,95984,5999,0,212,6287,187,0
2025-02-26,P004,33,141867,4299,0,383,2365,222,0
2025-02-27,P001,44,57156,1299,0,400,5109,102,0
2025-02-27,P002,34,118966,3499,0,234,3149,138,0
2025-02-27,P003,24,143976,5999,0,198,4734,145,0
2025-02-27,P004,32,137568,4299,0,308,5118,155,0
2025-02-28,P001,51,66249,1299,0,670,4663,127,0
2025-02-28,P002,26,90974,3499,0,256,6450,118,0
2025-02-28,P003,21,125979,5999,0,174,6702,171,0
2025-02-28,P004,48,185712,3869,1,578,12822,143,0
2025-03-01,P001,49,63651,1299,0,697,6105,189,0
2025-03-01,P002,34,118966,3499,0,254,5042,177,0
2025-03-01,P003,30,179970,5999,0,274,6481,141,0
2025-03-01,P004,37,159063,4299,0,312,7909,74,0
2025-03-02,P001,49,63651,1299,0,417,4431,163,0
2025-03-02,P002,36,125964,3499,0,281,6337,105,0
2025-03-02,P003,33,197967,5999,0,301,2825,187,0
2025-03-02,P004,36,154764,4299,0,472,4967,133,0
2025-03-03,P001,37,48063,1299,0,336,7329,169,0
2025-03-03,P002,32,111968,3499,0,249,5701,129,0
2025-03-03,P003,22,131978,5999,0,155,7676,229,0
2025-03-03,P004,34,146166,4299,0,303,6652,119,0
2025-03-04,P001,46,59754,1299,0,527,4349,150,0
2025-03-04,P002,28,97972,3499,0,309,4961,187,0
2025-03-04,P003,15,89985,5999,0,178,6802,159,0
2025-03-04,P004,32,137568,4299,0,344,4062,196,0
2025-03-05,P001,37,48063,1299,0,497,6885,146,0
2025-03-05,P002,26,90974,3499,0,250,4672,144,0
2025-03-05,P003,22,131978,5999,0,110,2807,142,0
2025-03-05,P004,30,128970,4299,0,371,5305,131,0
2025-03-06,P001,62,72478,1169,1,599,13031,56,0
2025-03-06,P002,29,101471,3499,0,353,4422,191,0
2025-03-06,P003,19,113981,5999,0,187,4157,184,0
2025-03-06,P004,32,137568,4299,0,362,7407,137,0
2025-03-07,P001,42,54558,1299,0,498,7411,160,0
2025-03-07,P002,24,83976,3499,0,177,6808,172,0
2025-03-07,P003,23,137977,5999,0,239,2302,163,0
2025-03-07,P004,29,124671,4299,0,236,3440,131,0
2025-03-08,P001,50,64950,1299,0,667,4659,81,0
2025-03-08,P002,54,170046,3149,1,488,14228,85,0
2025-03-08,P003,23,137977,5999,0,228,4749,104,0
2025-03-08,P004,43,184857,4299,0,581,7096,153,0
2025-03-09,P001,53,68847,1299,0,465,6112,96,0
2025-03-09,P002,36,125964,3499,0,350,3702,105,0
2025-03-09,P003,32,172768,5399,1,398,13460,196,0
2025-03-09,P004,40,171960,4299,0,397,5960,136,0
2025-03-10,P001,42,54558,1299,0,372,6507,51,0
2025-03-10,P002,33,115467,3499,0,312,8050,110,0
2025-03-10,P003,17,101983,5999,0,191,3056,179,0
2025-03-10,P004,23,98877,4299,0,190,4612,150,0
2025-03-11,P001,40,51960,1299,0,459,6394,128,0
2025-03-11,P002,23,80477,3499,0,342,3920,204,0
2025-03-11,P003,23,137977,5999,0,263,3773,147,0
2025-03-11,P004,23,98877,4299,0,213,8322,218,0
2025-03-12,P001,45,58455,1299,0,540,3579,107,0
2025-03-12,P002,32,111968,3499,0,380,5760,143,0
2025-03-12,P003,18,107982,5999,0,158,5481,201,0
2025-03-12,P004,32,137568,4299,0,388,3896,186,0
2025-03-13,P001,39,50661,1299,0,195,6081,167,0
2025-03-13,P002,25,87475,3499,0,322,6195,190,0
2025-03-13,P003,23,137977,5999,0,259,7586,213,0
2025-03-13,P004,30,128970,4299,0,266,6145,141,0
2025-03-14,P001,43,55857,1299,0,562,2043,113,0
2025-03-14,P002,25,87475,3499,0,347,3564,114,0
2025-03-14,P003,21,125979,5999,0,176,4720,168,0
2025-03-14,P004,29,124671,4299,0,414,6125,221,0
2025-03-15,P001,50,64950,1299,0,250,8280,98,0
2025-03-15,P002,38,132962,3499,0,361,5713,106,0
2025-03-15,P003,25,149975,5999,0,248,5236,129,0
2025-03-15,P004,35,150465,4299,0,351,7278,79,0
2025-03-16,P001,56,72744,1299,0,539,3226,126,0
2025-03-16,P002,36,125964,3499,0,356,7430,134,0
2025-03-16,P003,23,137977,5999,0,272,6554,206,0
2025-03-16,P004,37,159063,4299,0,296,8853,190,0
2025-03-17,P001,45,58455,1299,0,636,5444,159,0
2025-03-17,P002,25,87475,3499,0,161,5452,130,0
2025-03-17,P003,28,151172,5399,1,378,12777,134,0
2025-03-17,P004,30,128970,4299,0,200,4370,200,0
2025-03-18,P001,44,57156,1299,0,581,4546,149,0
2025-03-18,P002,30,104970,3499,0,193,6511,93,0
2025-03-18,P003,19,113981,5999,0,219,4421,165,0
2025-03-18,P004,27,116073,4299,0,295,6378,54,0
2025-03-19,P001,64,74816,1169,1,407,12939,137,0
2025-03-19,P002,35,122465,3499,0,396,3470,156,0
2025-03-19,P003,26,155974,5999,0,209,2500,190,0
2025-03-19,P004,23,98877,4299,0,236,4460,149,0
2025-03-20,P001,44,57156,1299,0,425,5953,175,0
2025-03-20,P002,32,111968,3499,0,308,6111,114,0
2025-03-20,P003,24,143976,5999,0,174,5246,161,0
2025-03-20,P004,36,154764,4299,0,180,6587,219,0
2025-03-21,P001,39,50661,1299,0,359,3827,177,0
2025-03-21,P002,31,108469,3499,0,313,3867,109,0
2025-03-21,P003,27,161973,5999,0,183,8085,219,0
2025-03-21,P004,27,116073,4299,0,212,2750,176,0
2025-03-22,P001,52,67548,1299,0,608,4281,114,0
2025-03-22,P002,37,129463,3499,0,390,2985,145,0
2025-03-22,P003,25,149975,5999,0,254,1627,110,0
2025-03-22,P004,33,141867,4299,0,350,5534,141,0
2025-03-23,P001,59,76641,1299,0,608,5029,133,0
2025-03-23,P002,31,108469,3499,0,269,5722,142,0
2025-03-23,P003,13,77987,5999,0,165,6665,157,0
2025-03-23,P004,37,159063,4299,0,365,3709,138,0
2025-03-24,P001,46,59754,1299,0,552,3745,154,0
2025-03-24,P002,27,94473,3499,0,304,6014,122,0
2025-03-24,P003,20,119980,5999,0,141,6707,183,0
2025-03-24,P004,22,94578,4299,0,227,5764,143,0
2025-03-25,P001,50,64950,1299,0,713,5509,168,0
2025-03-25,P002,40,125960,3149,1,520,13927,116,0
2025-03-25,P003,19,113981,5999,0,201,5229,187,0
2025-03-25,P004,30,128970,4299,0,201,5952,159,0
2025-03-26,P001,51,66249,1299,0,557,5557,185,0
2025-03-26,P002,30,104970,3499,0,221,5545,198,0
2025-03-26,P003,17,101983,5999,0,185,5252,183,0
2025-03-26,P004,24,103176,4299,0,345,6738,190,0
2025-03-27,P001,38,49362,1299,0,393,7510,144,0
2025-03-27,P002,41,129109,3149,1,547,10888,199,0
2025-03-27,P003,12,71988,5999,0,150,2559,130,0
2025-03-27,P004,31,133269,4299,0,302,4728,146,0
2025-03-28,P001,45,58455,1299,0,479,5789,66,0
2025-03-28,P002,30,104970,3499,0,325,2968,156,0
2025-03-28,P003,21,125979,5999,0,210,2801,151,0
2025-03-28,P004,28,120372,4299,0,208,2299,148,0
2025-03-29,P001,50,64950,1299,0,473,5740,120,0
2025-03-29,P002,41,143459,3499,0,432,7649,122,0
2025-03-29,P003,21,125979,5999,0,222,5970,196,0
2025-03-29,P004,52,201188,3869,1,499,14695,149,0
2025-03-30,P001,53,68847,1299,0,453,4711,82,0
2025-03-30,P002,32,111968,3499,0,310,4274,143,0
2025-03-30,P003,26,155974,5999,0,248,6078,136,0
2025-03-30,P004,35,150465,4299,0,175,5784,174,0
2025-03-31,P001,43,55857,1299,0,401,5656,180,0
2025-03-31,P002,26,90974,3499,0,132,7576,176,0
2025-03-31,P003,23,137977,5999,0,342,4911,186,0
2025-03-31,P004,27,116073,4299,0,294,6001,158,0
2025-04-01,P001,41,53259,1299,0,353,5566,149,0
2025-04-01,P002,27,94473,3499,0,341,3340,88,0
2025-04-01,P003,24,143976,5999,0,207,4905,196,0
2025-04-01,P004,46,177974,3869,1,568,14480,137,0
2025-04-02,P001,39,50661,1299,0,478,4408,149,0
2025-04-02,P002,32,111968,3499,0,352,4723,152,0
2025-04-02,P003,20,119980,5999,0,168,5804,142,0
2025-04-02,P004,30,128970,4299,0,321,5604,76,0
2025-04-03,P001,44,57156,1299,0,532,7301,149,0
2025-04-03,P002,32,100768,3149,1,416,11084,156,0
2025-04-03,P003,17,101983,5999,0,181,2781,172,0
2025-04-03,P004,26,111774,4299,0,219,7372,130,0
2025-04-04,P001,48,62352,1299,0,721,7364,127,0
2025-04-04,P002,28,97972,3499,0,247,3712,117,0
2025-04-04,P003,20,119980,5999,0,100,3293,196,0
2025-04-04,P004,26,111774,4299,0,373,7059,103,0
2025-04-05,P001,52,67548,1299,0,376,6376,208,0
2025-04-05,P002,37,129463,3499,0,185,5767,127,0
2025-04-05,P003,20,119980,5999,0,226,4685,68,0
2025-04-05,P004,30,128970,4299,0,335,5641,173,0
2025-04-06,P001,56,72744,1299,0,628,3823,102,0
2025-04-06,P002,39,136461,3499,0,389,6663,135,0
2025-04-06,P003,22,131978,5999,0,247,5553,128,0
2025-04-06,P004,37,159063,4299,0,497,5879,140,0
2025-04-07,P001,42,54558,1299,0,379,6912,124,0
2025-04-07,P002,26,90974,3499,0,247,6320,134,0
2025-04-07,P003,23,137977,5999,0,168,4343,186,0
2025-04-07,P004,29,124671,4299,0,390,5146,144,0
2025-04-08,P001,39,50661,1299,0,384,4011,159,0
2025-04-08,P002,24,83976,3499,0,244,7329,185,0
2025-04-08,P003,15,89985,5999,0,123,4957,164,0
2025-04-08,P004,35,150465,4299,0,339,7143,152,0
2025-04-09,P001,45,58455,1299,0,678,6039,178,0
2025-04-09,P002,20,69980,3499,0,248,4891,164,0
2025-04-09,P003,10,59990,5999,0,80,4614,208,0
2025-04-09,P004,26,111774,4299,0,234,5481,128,0
2025-04-10,P001,46,59754,1299,0,542,6951,171,0
2025-04-10,P002,28,97972,3499,0,334,2986,230,0
2025-04-10,P003,19,113981,5999,0,157,5058,211,0
2025-04-10,P004,29,124671,4299,0,422,6162,155,0
2025-04-11,P001,49,63651,1299,0,313,5375,170,0
2025-04-11,P002,28,97972,3499,0,246,7027,142,0
2025-04-11,P003,15,89985,5999,0,154,6423,192,0
2025-04-11,P004,29,124671,4299,0,270,4247,127,0
2025-04-12,P001,51,66249,1299,0,774,7712,178,0
2025-04-12,P002,49,154301,3149,1,410,12241,142,0
2025-04-12,P003,19,113981,5999,0,189,4416,116,0
2025-04-12,P004,39,167661,4299,0,462,3937,164,0
2025-04-13,P001,54,70146,1299,0,489,5816,109,0
2025-04-13,P002,34,118966,3499,0,365,6673,102,0
2025-04-13,P003,24,143976,5999,0,266,4844,216,0
2025-04-13,P004,36,154764,4299,0,258,6146,177,0
2025-04-14,P001,41,53259,1299,0,443,6915,104,0
2025-04-14,P002,28,97972,3499,0,163,2385,161,0
2025-04-14,P003,22,131978,5999,0,251,5775,183,0
2025-04-14,P004,28,120372,4299,0,330,4996,113,0
2025-04-15,P001,43,55857,1299,0,451,5037,182,0
2025-04-15,P002,26,90974,3499,0,235,4082,219,0
2025-04-15,P003,18,107982,5999,0,156,3417,165,0
2025-04-15,P004,33,141867,4299,0,363,5987,165,0
2025-04-16,P001,43,55857,1299,0,582,6620,82,0
2025-04-16,P002,23,80477,3499,0,287,5355,158,0
2025-04-16,P003,16,95984,5999,0,247,2586,216,0
2025-04-16,P004,32,137568,4299,0,337,6086,167,0
2025-04-17,P001,49,63651,1299,0,448,10236,89,0
2025-04-17,P002,43,135407,3149,1,408,13845,109,0
2025-04-17,P003,18,107982,5999,0,171,7496,94,0
2025-04-17,P004,29,124671,4299,0,165,4385,121,0
2025-04-18,P001,43,55857,1299,0,330,1692,179,0
2025-04-18,P002,30,104970,3499,0,185,3185,180,0
2025-04-18,P003,17,101983,5999,0,259,4905,116,0
2025-04-18,P004,35,150465,4299,0,522,3519,153,0
2025-04-19,P001,54,70146,1299,0,549,4726,141,0
2025-04-19,P002,34,118966,3499,0,327,5141,132,0
2025-04-19,P003,21,125979,5999,0,211,6701,136,0
2025-04-19,P004,50,193450,3869,1,428,13788,173,0
2025-04-20,P001,56,72744,1299,0,542,3665,120,0
2025-04-20,P002,36,125964,3499,0,180,4022,170,0
2025-04-20,P003,19,113981,5999,0,318,4361,246,0
2025-04-20,P004,42,180558,4299,0,731,4238,165,0
2025-04-21,P001,43,55857,1299,0,426,3348,176,0
2025-04-21,P002,40,139960,3499,0,458,4558,129,0
2025-04-21,P003,17,101983,5999,0,198,3257,216,0
2025-04-21,P004,22,94578,4299,0,151,4689,234,0
2025-04-22,P001,38,49362,1299,0,410,5059,131,0
2025-04-22,P002,29,101471,3499,0,339,7410,160,0
2025-04-22,P003,17,101983,5999,0,137,4303,162,0
2025-04-22,P004,23,98877,4299,0,127,4963,96,0
2025-04-23,P001,39,50661,1299,0,474,4788,145,0
2025-04-23,P002,34,118966,3499,0,418,5498,117,0
2025-04-23,P003,19,113981,5999,0,205,4586,251,0
2025-04-23,P004,29,124671,4299,0,200,6292,180,0
2025-04-24,P001,38,49362,1299,0,365,2314,115,0
2025-04-24,P002,40,125960,3149,1,467,13744,124,0
2025-04-24,P003,14,83986,5999,0,105,6360,170,0
2025-04-24,P004,27,116073,4299,0,214,4045,188,0
2025-04-25,P001,40,51960,1299,0,391,5700,132,0
2025-04-25,P002,28,97972,3499,0,322,6309,173,0
2025-04-25,P003,14,83986,5999,0,89,5708,177,0
2025-04-25,P004,44,170236,3869,1,522,8712,193,0
2025-04-26,P001,55,71445,1299,0,567,5550,98,0
2025-04-26,P002,34,118966,3499,0,399,5218,81,0
2025-04-26,P003,24,143976,5999,0,366,7025,235,0
2025-04-26,P004,45,193455,4299,0,371,4736,137,0
2025-04-27,P001,60,77940,1299,0,449,5124,118,0
2025-04-27,P002,29,101471,3499,0,275,2465,193,0
2025-04-27,P003,21,125979,5999,0,224,1168,140,0
2025-04-27,P004,31,133269,4299,0,369,4742,177,0
2025-04-28,P001,49,63651,1299,0,418,3218,96,0
2025-04-28,P002,27,94473,3499,0,301,5642,121,0
2025-04-28,P003,19,113981,5999,0,244,5107,137,0
2025-04-28,P004,30,128970,4299,0,198,6252,134,0
2025-04-29,P001,43,55857,1299,0,423,4812,240,0
2025-04-29,P002,29,101471,3499,0,212,7583,222,0
2025-04-29,P003,15,89985,5999,0,140,4858,145,0
2025-04-29,P004,27,116073,4299,0,281,5503,177,0
2025-04-30,P001,36,46764,1299,0,346,5305,150,0
2025-04-30,P002,27,94473,3499,0,259,6586,164,0
2025-04-30,P003,14,83986,5999,0,165,4765,150,0
2025-04-30,P004,36,154764,4299,0,366,4194,137,0
2025-05-01,P001,47,61053,1299,0,429,7082,151,0
2025-05-01,P002,30,104970,3499,0,455,9297,148,0
2025-05-01,P003,23,137977,5999,0,195,3993,130,0
2025-05-01,P004,31,133269,4299,0,397,4883,153,0
2025-05-02,P001,39,50661,1299,0,570,5302,211,0
2025-05-02,P002,24,83976,3499,0,241,5843,218,0
2025-05-02,P003,25,134975,5399,1,282,15122,218,0
2025-05-02,P004,33,141867,4299,0,407,4600,115,0
2025-05-03,P001,56,72744,1299,0,679,2493,137,0
2025-05-03,P002,35,122465,3499,0,232,3607,209,0
2025-05-03,P003,26,155974,5999,0,204,2813,96,0
2025-05-03,P004,28,120372,4299,0,244,4170,132,0
2025-05-04,P001,49,63651,1299,0,642,5080,151,0
2025-05-04,P002,29,101471,3499,0,204,7338,170,0
2025-05-04,P003,24,143976,5999,0,193,2739,175,0
2025-05-04,P004,36,154764,4299,0,373,3769,164,0
2025-05-05,P001,61,71309,1169,1,322,13284,117,0
2025-05-05,P002,20,69980,3499,0,223,5061,121,0
2025-05-05,P003,18,107982,5999,0,170,6728,90,0
2025-05-05,P004,37,159063,4299,0,364,5725,167,0
2025-05-06,P001,41,53259,1299,0,460,4474,194,0
2025-05-06,P002,40,125960,3149,1,346,12596,157,0
2025-05-06,P003,20,119980,5999,0,227,3535,98,0
2025-05-06,P004,32,137568,4299,0,270,5698,70,0
2025-05-07,P001,45,58455,1299,0,375,6865,169,0
2025-05-07,P002,22,76978,3499,0,203,2398,144,0
2025-05-07,P003,19,113981,5999,0,239,3530,234,0
2025-05-07,P004,26,111774,4299,0,182,3929,133,0
2025-05-08,P001,47,61053,1299,0,561,6280,140,0
2025-05-08,P002,27,94473,3499,0,334,6243,91,0
2025-05-08,P003,16,95984,5999,0,228,6424,141,0
2025-05-08,P004,27,116073,4299,0,241,2687,161,0
2025-05-09,P001,37,48063,1299,0,476,3843,180,0
2025-05-09,P002,22,76978,3499,0,166,3958,110,0
2025-05-09,P003,23,137977,5999,0,189,5957,170,0
2025-05-09,P004,41,158629,3869,1,205,12826,122,0
2025-05-10,P001,56,72744,1299,0,538,5743,133,0
2025-05-10,P002,35,122465,3499,0,462,3761,122,0
2025-05-10,P003,25,149975,5999,0,309,8032,182,0
2025-05-10,P004,37,159063,4299,0,424,2571,130,0
2025-05-11,P001,52,67548,1299,0,669,6238,123,0
2025-05-11,P002,37,129463,3499,0,542,6834,124,0
2025-05-11,P003,16,95984,5999,0,170,6384,126,0
2025-05-11,P004,27,116073,4299,0,236,4606,183,0
2025-05-12,P001,44,57156,1299,0,345,7895,191,0
2025-05-12,P002,26,90974,3499,0,196,2897,189,0
2025-05-12,P003,24,143976,5999,0,137,5033,212,0
2025-05-12,P004,30,128970,4299,0,267,5563,135,0
2025-05-13,P001,42,54558,1299,0,285,3429,139,0
2025-05-13,P002,26,90974,3499,0,285,5882,124,0
2025-05-13,P003,22,131978,5999,0,186,6713,158,0
2025-05-13,P004,27,116073,4299,0,330,4197,143,0
2025-05-14,P001,40,51960,1299,0,446,5224,138,0
2025-05-14,P002,21,73479,3499,0,262,4794,164,0
2025-05-14,P003,22,131978,5999,0,226,4862,124,0
2025-05-14,P004,29,124671,4299,0,358,4887,39,0
2025-05-15,P001,37,48063,1299,0,339,5802,117,0
2025-05-15,P002,27,94473,3499,0,156,3779,113,0
2025-05-15,P003,14,83986,5999,0,147,6971,180,0
2025-05-15,P004,21,90279,4299,0,168,4472,125,0
2025-05-16,P001,41,53259,1299,0,389,6389,183,0
2025-05-16,P002,22,76978,3499,0,189,5120,170,0
2025-05-16,P003,19,113981,5999,0,165,5825,122,0
2025-05-16,P004,25,107475,4299,0,277,7387,207,0
2025-05-17,P001,50,64950,1299,0,664,3008,146,0
2025-05-17,P002,31,108469,3499,0,251,5913,108,0
2025-05-17,P003,18,107982,5999,0,220,4977,214,0
2025-05-17,P004,37,159063,4299,0,437,3120,97,0
2025-05-18,P001,51,66249,1299,0,565,7065,115,0
2025-05-18,P002,31,108469,3499,0,303,4587,168,0
2025-05-18,P003,19,113981,5999,0,184,4251,129,0
2025-05-18,P004,34,146166,4299,0,425,7448,132,0
2025-05-19,P001,47,61053,1299,0,474,4795,177,0
2025-05-19,P002,21,73479,3499,0,264,6216,156,0
2025-05-19,P003,14,83986,5999,0,246,5224,170,0
2025-05-19,P004,18,77382,4299,0,219,3817,212,0
2025-05-20,P001,44,57156,1299,0,361,6631,177,0
2025-05-20,P002,23,80477,3499,0,193,6137,148,0
2025-05-20,P003,14,83986,5999,0,135,3501,198,0
2025-05-20,P004,39,150891,3869,1,434,12982,189,0
2025-05-21,P001,39,50661,1299,0,370,7773,168,0
2025-05-21,P002,25,87475,3499,0,125,6259,104,0
2025-05-21,P003,21,125979,5999,0,154,4535,139,0
2025-05-21,P004,23,98877,4299,0,234,3399,169,0
2025-05-22,P001,45,58455,1299,0,493,7983,166,0
2025-05-22,P002,29,101471,3499,0,391,4758,116,0
2025-05-22,P003,17,101983,5999,0,125,6618,80,0
2025-05-22,P004,30,128970,4299,0,369,3912,156,0
2025-05-23,P001,44,57156,1299,0,497,4743,56,0
2025-05-23,P002,22,76978,3499,0,186,5176,190,0
2025-05-23,P003,9,53991,5999,0,135,4926,88,0
2025-05-23,P004,25,107475,4299,0,277,3935,143,0
2025-05-24,P001,75,87675,1169,1,375,13460,34,0
2025-05-24,P002,39,136461,3499,0,423,6921,198,0
2025-05-24,P003,23,137977,5999,0,235,6711,155,0
2025-05-24,P004,45,174105,3869,1,413,12691,109,0
2025-05-25,P001,51,66249,1299,0,613,6005,182,0
2025-05-25,P002,30,104970,3499,0,281,6845,151,0
2025-05-25,P003,27,161973,5999,0,264,4921,125,0
2025-05-25,P004,38,163362,4299,0,302,7269,115,0
2025-05-26,P001,58,67802,1169,1,424,12672,150,0
2025-05-26,P002,34,118966,3499,0,375,5285,198,0
2025-05-26,P003,20,119980,5999,0,270,3222,180,0
2025-05-26,P004,26,111774,4299,0,256,5864,102,0
2025-05-27,P001,35,45465,1299,0,437,6490,175,0
2025-05-27,P002,21,73479,3499,0,278,6338,206,0
2025-05-27,P003,20,119980,5999,0,223,4740,122,0
2025-05-27,P004,28,120372,4299,0,286,6332,193,0
2025-05-28,P001,33,42867,1299,0,332,4630,202,0
2025-05-28,P002,26,90974,3499,0,274,6867,180,0
2025-05-28,P003,25,149975,5999,0,191,4721,230,0
2025-05-28,P004,26,111774,4299,0,177,3330,128,0
2025-05-29,P001,45,58455,1299,0,503,7406,132,0
2025-05-29,P002,22,76978,3499,0,194,4423,175,0
2025-05-29,P003,18,107982,5999,0,198,5026,144,0
2025-05-29,P004,20,85980,4299,0,233,7045,159,0
2025-05-30,P001,35,45465,1299,0,261,5271,162,0
2025-05-30,P002,28,97972,3499,0,356,9006,141,0
2025-05-30,P003,15,89985,5999,0,96,5713,140,0
2025-05-30,P004,22,94578,4299,0,264,5777,106,0
2025-05-31,P001,47,61053,1299,0,344,6221,84,0
2025-05-31,P002,33,115467,3499,0,303,4225,104,0
2025-05-31,P003,20,119980,5999,0,201,7131,111,0
2025-05-31,P004,42,180558,4299,0,323,6282,146,0
2025-06-01,P001,44,57156,1299,0,433,7139,162,0
2025-06-01,P002,35,122465,3499,0,305,6572,106,0
2025-06-01,P003,19,113981,5999,0,179,7500,169,0
2025-06-01,P004,41,176259,4299,0,284,4473,131,0
2025-06-02,P001,43,55857,1299,0,433,9483,176,0
2025-06-02,P002,27,94473,3499,0,279,5503,131,0
2025-06-02,P003,12,71988,5999,0,98,4579,126,0
2025-06-02,P004,24,103176,4299,0,278,8402,163,0
2025-06-03,P001,43,55857,1299,0,367,3324,144,0
2025-06-03,P002,39,122811,3149,1,319,12872,131,0
2025-06-03,P003,19,113981,5999,0,209,4705,155,0
2025-06-03,P004,22,94578,4299,0,217,5719,156,0
2025-06-04,P001,39,50661,1299,0,328,4885,99,0
2025-06-04,P002,21,73479,3499,0,179,5774,215,0
2025-06-04,P003,16,95984,5999,0,124,6132,166,0
2025-06-04,P004,33,141867,4299,0,230,4389,173,0
2025-06-05,P001,41,53259,1299,0,281,8533,107,0
2025-06-05,P002,22,76978,3499,0,279,3366,128,0
2025-06-05,P003,18,107982,5999,0,210,5617,181,0
2025-06-05,P004,30,128970,4299,0,340,6463,103,0
2025-06-06,P001,38,49362,1299,0,253,5023,151,0
2025-06-06,P002,32,111968,3499,0,305,2151,120,0
2025-06-06,P003,21,125979,5999,0,210,5901,178,0
2025-06-06,P004,27,116073,4299,0,347,4696,151,0
2025-06-07,P001,46,59754,1299,0,427,3821,120,0
2025-06-07,P002,33,115467,3499,0,335,7964,138,0
2025-06-07,P003,17,101983,5999,0,182,7226,122,0
2025-06-07,P004,30,128970,4299,0,312,7224,184,0
2025-06-08,P001,70,81830,1169,1,745,14869,172,0
2025-06-08,P002,24,83976,3499,0,219,4608,158,0
2025-06-08,P003,22,131978,5999,0,315,8045,162,0
2025-06-08,P004,37,159063,4299,0,351,4995,153,0
2025-06-09,P001,41,53259,1299,0,478,4760,137,0
2025-06-09,P002,36,113364,3149,1,476,13530,133,0
2025-06-09,P003,20,119980,5999,0,171,7768,205,0
2025-06-09,P004,24,103176,4299,0,260,4239,126,0
2025-06-10,P001,47,61053,1299,0,665,4667,152,0
2025-06-10,P002,19,66481,3499,0,216,2771,189,0
2025-06-10,P003,13,77987,5999,0,141,3545,170,0
2025-06-10,P004,26,111774,4299,0,313,3608,50,0
2025-06-11,P001,42,54558,1299,0,571,6779,144,0
2025-06-11,P002,20,69980,3499,0,188,6665,186,0
2025-06-11,P003,20,119980,5999,0,200,3859,191,0
2025-06-11,P004,21,90279,4299,0,212,3300,132,0
2025-06-12,P001,44,57156,1299,0,379,5135,185,0
2025-06-12,P002,27,94473,3499,0,297,1423,163,0
2025-06-12,P003,14,83986,5999,0,121,4183,152,0
2025-06-12,P004,27,116073,4299,0,211,7386,165,0
2025-06-13,P001,40,51960,1299,0,562,3515,144,0
2025-06-13,P002,30,104970,3499,0,322,2740,145,0
2025-06-13,P003,18,107982,5999,0,138,6376,125,0
2025-06-13,P004,22,94578,4299,0,254,7031,137,0
2025-06-14,P001,45,58455,1299,0,420,6263,132,0
2025-06-14,P002,31,108469,3499,0,249,5002,225,0
2025-06-14,P003,16,95984,5999,0,154,5780,175,0
2025-06-14,P004,38,163362,4299,0,381,7368,85,0
2025-06-15,P001,47,61053,1299,0,588,5318,101,0
2025-06-15,P002,31,108469,3499,0,295,6843,112,0
2025-06-15,P003,18,107982,5999,0,157,10100,110,0
2025-06-15,P004,37,159063,4299,0,486,6506,107,0
2025-06-16,P001,45,58455,1299,0,284,2355,116,0
2025-06-16,P002,24,83976,3499,0,261,2320,115,0
2025-06-16,P003,14,83986,5999,0,145,3870,131,0
2025-06-16,P004,26,111774,4299,0,273,7924,184,0
2025-06-17,P001,58,67802,1169,1,565,12646,55,0
2025-06-17,P002,25,87475,3499,0,325,4484,169,0
2025-06-17,P003,18,107982,5999,0,260,4589,200,0
2025-06-17,P004,23,98877,4299,0,239,5194,169,0
2025-06-18,P001,43,55857,1299,0,381,2998,122,0
2025-06-18,P002,27,94473,3499,0,348,5364,146,0
2025-06-18,P003,17,101983,5999,0,192,5655,150,0
2025-06-18,P004,30,128970,4299,0,150,5510,170,0
2025-06-19,P001,41,53259,1299,0,492,4513,116,0
2025-06-19,P002,15,52485,3499,0,147,9469,132,0
2025-06-19,P003,9,53991,5999,0,80,2734,215,0
2025-06-19,P004,38,163362,4299,0,468,3135,176,0
2025-06-20,P001,41,53259,1299,0,303,6846,158,0
2025-06-20,P002,15,52485,3499,0,161,5767,108,0
2025-06-20,P003,12,71988,5999,0,60,3763,183,0
2025-06-20,P004,26,111774,4299,0,289,3834,57,0
2025-06-21,P001,50,64950,1299,0,651,4550,100,0
2025-06-21,P002,32,111968,3499,0,232,5829,219,0
2025-06-21,P003,16,95984,5999,0,198,7533,154,0
2025-06-21,P004,35,150465,4299,0,408,7653,94,0
2025-06-22,P001,49,63651,1299,0,510,7415,208,0
2025-06-22,P002,27,94473,3499,0,358,4330,214,0
2025-06-22,P003,15,89985,5999,0,166,5111,128,0
2025-06-22,P004,32,137568,4299,0,323,4166,97,0
2025-06-23,P001,45,58455,1299,0,455,3638,173,0
2025-06-23,P002,21,73479,3499,0,207,4608,137,0
2025-06-23,P003,11,65989,5999,0,150,5986,204,0
2025-06-23,P004,32,137568,4299,0,290,5041,149,0
2025-06-24,P001,36,46764,1299,0,218,3271,174,0
2025-06-24,P002,23,80477,3499,0,183,3002,140,0
2025-06-24,P003,13,77987,5999,0,184,4132,180,0
2025-06-24,P004,25,107475,4299,0,168,6123,216,0
2025-06-25,P001,38,49362,1299,0,372,3961,138,0
2025-06-25,P002,16,55984,3499,0,128,3115,123,0
2025-06-25,P003,16,95984,5999,0,130,3668,118,0
2025-06-25,P004,27,116073,4299,0,301,6081,151,0
2025-06-26,P001,44,57156,1299,0,628,4909,139,0
2025-06-26,P002,24,83976,3499,0,224,3237,167,0
2025-06-26,P003,23,124177,5399,1,188,11623,212,0
2025-06-26,P004,29,124671,4299,0,333,3453,159,0
2025-06-27,P001,41,53259,1299,0,292,3357,157,0
2025-06-27,P002,18,62982,3499,0,203,4994,124,0
2025-06-27,P003,25,149975,5999,0,249,2224,143,0
2025-06-27,P004,29,124671,4299,0,208,6803,150,0
2025-06-28,P001,49,63651,1299,0,532,6737,91,0
2025-06-28,P002,27,94473,3499,0,285,4269,199,0
2025-06-28,P003,21,125979,5999,0,239,7308,90,0
2025-06-28,P004,30,128970,4299,0,275,4053,181,0
2025-06-29,P001,55,71445,1299,0,558,7820,155,0
2025-06-29,P002,25,87475,3499,0,265,4189,166,0
2025-06-29,P003,17,101983,5999,0,183,2932,87,0
2025-06-29,P004,32,137568,4299,0,391,3833,174,0
2025-06-30,P001,55,64295,1169,1,754,12646,119,0
2025-06-30,P002,24,83976,3499,0,229,6102,143,0
2025-06-30,P003,11,65989,5999,0,112,4776,204,0
2025-06-30,P004,44,170236,3869,1,407,11159,169,0
2025-07-01,P001,37,48063,1299,0,273,5435,88,0
2025-07-01,P002,23,80477,3499,0,292,5889,169,0
2025-07-01,P003,15,89985,5999,0,142,5923,189,0
2025-07-01,P004,22,94578,4299,0,246,5232,185,0
2025-07-02,P001,41,53259,1299,0,585,8379,57,0
2025-07-02,P002,34,107066,3149,1,182,10460,165,0
2025-07-02,P003,15,89985,5999,0,120,7302,129,0
2025-07-02,P004,24,103176,4299,0,230,3851,177,0
2025-07-03,P001,39,50661,1299,0,383,5244,159,0
2025-07-03,P002,23,80477,3499,0,146,3316,157,0
2025-07-03,P003,15,89985,5999,0,153,2340,133,0
2025-07-03,P004,39,150891,3869,1,354,9941,112,0
2025-07-04,P001,42,54558,1299,0,378,1000,114,0
2025-07-04,P002,31,108469,3499,0,304,5826,132,0
2025-07-04,P003,31,167369,5399,1,358,11228,154,0
2025-07-04,P004,22,94578,4299,0,256,3135,163,0
2025-07-05,P001,48,62352,1299,0,490,6916,174,0
2025-07-05,P002,30,104970,3499,0,261,5065,163,0
2025-07-05,P003,15,89985,5999,0,135,6018,164,0
2025-07-05,P004,42,180558,4299,0,269,3550,72,0
2025-07-06,P001,49,63651,1299,0,443,4089,154,0
2025-07-06,P002,26,90974,3499,0,219,3759,199,0
2025-07-06,P003,25,149975,5999,0,247,6310,143,0
2025-07-06,P004,30,128970,4299,0,349,7352,115,0
2025-07-07,P001,40,51960,1299,0,296,5125,94,0
2025-07-07,P002,29,101471,3499,0,283,5413,90,0
2025-07-07,P003,11,65989,5999,0,99,7973,224,0
2025-07-07,P004,28,120372,4299,0,166,5602,212,0
2025-07-08,P001,40,51960,1299,0,428,4867,150,0
2025-07-08,P002,27,94473,3499,0,322,6365,114,0
2025-07-08,P003,13,77987,5999,0,176,5245,175,0
2025-07-08,P004,28,120372,4299,0,288,5992,156,0
2025-07-09,P001,34,44166,1299,0,350,3305,113,0
2025-07-09,P002,14,48986,3499,0,152,7591,183,0
2025-07-09,P003,15,89985,5999,0,186,4625,130,0
2025-07-09,P004,31,133269,4299,0,303,5393,168,0
2025-07-10,P001,38,49362,1299,0,344,4109,164,0
2025-07-10,P002,27,94473,3499,0,205,4873,139,0
2025-07-10,P003,15,89985,5999,0,157,6171,117,0
2025-07-10,P004,25,107475,4299,0,264,5568,223,0
2025-07-11,P001,38,49362,1299,0,534,6222,94,0
2025-07-11,P002,20,69980,3499,0,206,6089,137,0
2025-07-11,P003,15,89985,5999,0,118,4856,104,0
2025-07-11,P004,31,133269,4299,0,360,3205,91,0
2025-07-12,P001,42,54558,1299,0,617,5106,143,0
2025-07-12,P002,27,94473,3499,0,428,5679,114,0
2025-07-12,P003,15,89985,5999,0,141,4862,200,0
2025-07-12,P004,39,167661,4299,0,271,4777,88,0
2025-07-13,P001,47,61053,1299,0,480,3461,141,0
2025-07-13,P002,33,115467,3499,0,319,4032,191,0
2025-07-13,P003,25,149975,5999,0,187,6188,140,0
2025-07-13,P004,39,167661,4299,0,418,5350,144,0
2025-07-14,P001,39,50661,1299,0,422,2436,183,0
2025-07-14,P002,20,69980,3499,0,162,4656,142,0
2025-07-14,P003,8,47992,5999,0,95,7236,206,0
2025-07-14,P004,36,154764,4299,0,388,8056,197,0
2025-07-15,P001,40,51960,1299,0,505,4212,89,0
2025-07-15,P002,23,80477,3499,0,282,4494,198,0
2025-07-15,P003,17,101983,5999,0,206,6279,169,0
2025-07-15,P004,33,141867,4299,0,355,7681,143,0
2025-07-16,P001,40,51960,1299,0,557,3044,130,0
2025-07-16,P002,23,80477,3499,0,199,7267,160,0
2025-07-16,P003,21,113379,5399,1,263,11839,101,0
2025-07-16,P004,29,124671,4299,0,199,6036,163,0
2025-07-17,P001,34,44166,1299,0,321,4474,101,0
2025-07-17,P002,28,97972,3499,0,254,5637,89,0
2025-07-17,P003,22,131978,5999,0,223,3378,173,0
2025-07-17,P004,35,150465,4299,0,473,4453,108,0
2025-07-18,P001,40,51960,1299,0,349,5508,232,0
2025-07-18,P002,22,76978,3499,0,265,4806,122,0
2025-07-18,P003,23,137977,5999,0,152,5703,171,0
2025-07-18,P004,33,141867,4299,0,316,5376,133,0
2025-07-19,P001,44,57156,1299,0,535,2182,84,0
2025-07-19,P002,28,97972,3499,0,255,7138,153,0
2025-07-19,P003,26,155974,5999,0,130,7944,171,0
2025-07-19,P004,59,228271,3869,1,702,12224,104,0
2025-07-20,P001,45,58455,1299,0,584,5110,116,0
2025-07-20,P002,32,111968,3499,0,428,1000,138,0
2025-07-20,P003,15,89985,5999,0,100,4179,139,0
2025-07-20,P004,38,163362,4299,0,415,6528,163,0
2025-07-21,P001,34,44166,1299,0,283,7700,149,0
2025-07-21,P002,24,83976,3499,0,210,7965,106,0
2025-07-21,P003,15,89985,5999,0,117,5771,192,0
2025-07-21,P004,33,141867,4299,0,420,4915,170,0
2025-07-22,P001,24,31176,1299,0,153,3418,191,0
2025-07-22,P002,25,87475,3499,0,211,3157,133,0
2025-07-22,P003,16,95984,5999,0,125,3139,109,0
2025-07-22,P004,30,128970,4299,0,266,8297,200,0
2025-07-23,P001,32,41568,1299,0,310,2426,149,0
2025-07-23,P002,25,87475,3499,0,225,5122,134,0
2025-07-23,P003,18,107982,5999,0,212,6959,200,0
2025-07-23,P004,39,150891,3869,1,378,13033,187,0
2025-07-24,P001,32,41568,1299,0,196,6994,123,0
2025-07-24,P002,18,62982,3499,0,216,4261,149,0
2025-07-24,P003,20,119980,5999,0,222,7576,173,0
2025-07-24,P004,24,103176,4299,0,248,4121,158,0
2025-07-25,P001,32,41568,1299,0,300,6815,158,0
2025-07-25,P002,17,59483,3499,0,222,8161,121,0
2025-07-25,P003,19,113981,5999,0,191,5835,166,0
2025-07-25,P004,22,94578,4299,0,224,5631,190,0
2025-07-26,P001,37,48063,1299,0,400,5283,134,0
2025-07-26,P002,44,138556,3149,1,508,12013,175,0
2025-07-26,P003,24,143976,5999,0,280,4967,193,0
2025-07-26,P004,38,163362,4299,0,386,4697,174,0
2025-07-27,P001,50,64950,1299,0,531,5291,116,0
2025-07-27,P002,36,113364,3149,1,379,12689,113,0
2025-07-27,P003,13,77987,5999,0,154,5753,228,0
2025-07-27,P004,36,154764,4299,0,406,4617,154,0
2025-07-28,P001,37,48063,1299,0,294,6940,107,0
2025-07-28,P002,19,66481,3499,0,188,6397,134,0
2025-07-28,P003,18,107982,5999,0,155,6138,193,0
2025-07-28,P004,41,158629,3869,1,432,10746,123,0
2025-07-29,P001,37,48063,1299,0,380,6483,116,0
2025-07-29,P002,16,55984,3499,0,151,3136,215,0
2025-07-29,P003,15,89985,5999,0,151,3951,126,0
2025-07-29,P004,33,141867,4299,0,417,3430,84,0
2025-07-30,P001,34,44166,1299,0,378,6865,140,0
2025-07-30,P002,23,80477,3499,0,172,3392,113,0
2025-07-30,P003,16,95984,5999,0,120,5439,113,0
2025-07-30,P004,23,98877,4299,0,188,5516,148,0
2025-07-31,P001,39,50661,1299,0,495,4632,112,0
2025-07-31,P002,23,80477,3499,0,175,6032,228,0
2025-07-31,P003,16,95984,5999,0,161,2883,185,0
2025-07-31,P004,17,73083,4299,0,201,4490,145,0
2025-08-01,P001,28,36372,1299,0,273,1697,154,0
2025-08-01,P002,22,76978,3499,0,259,6733,181,0
2025-08-01,P003,16,95984,5999,0,192,4036,162,0
2025-08-01,P004,29,124671,4299,0,145,2746,140,0
2025-08-02,P001,49,63651,1299,0,693,6668,185,0
2025-08-02,P002,30,104970,3499,0,351,2083,199,0
2025-08-02,P003,24,143976,5999,0,271,5323,109,0
2025-08-02,P004,34,146166,4299,0,350,4932,158,0
2025-08-03,P001,47,61053,1299,0,469,6877,182,0
2025-08-03,P002,28,97972,3499,0,345,5934,228,0
2025-08-03,P003,28,151172,5399,1,291,12832,125,0
2025-08-03,P004,39,167661,4299,0,437,6329,114,0
2025-08-04,P001,35,45465,1299,0,386,7799,143,0
2025-08-04,P002,27,94473,3499,0,229,5224,193,0
2025-08-04,P003,20,119980,5999,0,232,5384,133,0
2025-08-04,P004,41,176259,4299,0,243,5224,182,0
2025-08-05,P001,34,44166,1299,0,272,2869,205,0
2025-08-05,P002,25,87475,3499,0,278,5775,179,0
2025-08-05,P003,14,83986,5999,0,147,4488,135,0
2025-08-05,P004,33,141867,4299,0,403,6173,210,0
2025-08-06,P001,35,45465,1299,0,397,3719,155,0
2025-08-06,P002,24,83976,3499,0,268,4633,143,0
2025-08-06,P003,22,131978,5999,0,177,4793,173,0
2025-08-06,P004,30,128970,4299,0,374,4565,142,0
2025-08-07,P001,35,45465,1299,0,267,4960,157,0
2025-08-07,P002,37,129463,3499,0,400,5724,108,0
2025-08-07,P003,15,89985,5999,0,93,7815,130,0
2025-08-07,P004,30,128970,4299,0,234,6164,118,0
2025-08-08,P001,40,51960,1299,0,410,4878,170,0
2025-08-08,P002,18,62982,3499,0,181,6301,156,0
2025-08-08,P003,13,77987,5999,0,130,6462,191,0
2025-08-08,P004,24,103176,4299,0,263,4368,212,0
2025-08-09,P001,51,66249,1299,0,419,8238,108,0
2025-08-09,P002,28,97972,3499,0,335,3824,136,0
2025-08-09,P003,11,65989,5999,0,119,7215,153,0
2025-08-09,P004,41,176259,4299,0,549,3701,133,0
2025-08-10,P001,38,49362,1299,0,429,6411,126,0
2025-08-10,P002,26,90974,3499,0,378,8429,173,0
2025-08-10,P003,25,134975,5399,1,162,12920,173,0
2025-08-10,P004,43,184857,4299,0,600,6826,102,0
2025-08-11,P001,35,45465,1299,0,224,6665,140,0
2025-08-11,P002,21,73479,3499,0,228,5080,108,0
2025-08-11,P003,11,65989,5999,0,176,5180,140,0
2025-08-11,P004,31,133269,4299,0,299,6959,138,0
2025-08-12,P001,32,41568,1299,0,370,5225,151,0
2025-08-12,P002,20,69980,3499,0,238,5741,74,0
2025-08-12,P003,13,77987,5999,0,148,5276,170,0
2025-08-12,P004,34,146166,4299,0,344,4673,110,0
2025-08-13,P001,34,44166,1299,0,388,5937,168,0
2025-08-13,P002,8,27992,3499,0,84,5226,216,0
2025-08-13,P003,21,125979,5999,0,252,5016,130,0
2025-08-13,P004,35,150465,4299,0,379,5731,167,0
2025-08-14,P001,37,48063,1299,0,483,5959,168,0
2025-08-14,P002,19,66481,3499,0,227,6888,213,0
2025-08-14,P003,15,89985,5999,0,164,5587,160,0
2025-08-14,P004,37,159063,4299,0,298,6705,161,0
2025-08-15,P001,37,48063,1299,0,389,4427,131,0
2025-08-15,P002,24,83976,3499,0,308,4230,220,0
2025-08-15,P003,16,95984,5999,0,138,6803,217,0
2025-08-15,P004,39,167661,4299,0,288,3718,94,0
2025-08-16,P001,40,51960,1299,0,367,5266,93,0
2025-08-16,P002,26,90974,3499,0,272,4427,140,0
2025-08-16,P003,18,107982,5999,0,93,6491,148,0
2025-08-16,P004,63,243747,3869,1,680,11172,130,0
2025-08-17,P001,65,75985,1169,1,768,14035,119,0
2025-08-17,P002,26,90974,3499,0,316,5361,91,0
2025-08-17,P003,16,95984,5999,0,187,4143,178,0
2025-08-17,P004,40,171960,4299,0,445,8043,201,0
2025-08-18,P001,43,55857,1299,0,326,4765,111,0
2025-08-18,P002,28,97972,3499,0,226,6355,198,0
2025-08-18,P003,22,131978,5999,0,202,3297,123,0
2025-08-18,P004,37,159063,4299,0,409,7201,99,0
2025-08-19,P001,34,44166,1299,0,311,8322,129,0
2025-08-19,P002,20,69980,3499,0,162,5224,221,0
2025-08-19,P003,15,89985,5999,0,185,7346,168,0
2025-08-19,P004,32,137568,4299,0,251,6708,136,0
2025-08-20,P001,29,37671,1299,0,286,6934,227,0
2025-08-20,P002,23,80477,3499,0,235,4642,162,0
2025-08-20,P003,13,77987,5999,0,151,3073,86,0
2025-08-20,P004,32,137568,4299,0,364,6813,121,0
2025-08-21,P001,33,42867,1299,0,300,4586,104,0
2025-08-21,P002,22,76978,3499,0,189,4531,92,0
2025-08-21,P003,24,143976,5999,0,334,4165,180,0
2025-08-21,P004,51,197319,3869,1,691,13151,122,0
2025-08-22,P001,34,44166,1299,0,424,2015,133,0
2025-08-22,P002,25,87475,3499,0,255,5681,138,0
2025-08-22,P003,20,119980,5999,0,202,7432,173,0
2025-08-22,P004,29,124671,4299,0,292,6405,147,0
2025-08-23,P001,40,51960,1299,0,455,6908,161,0
2025-08-23,P002,25,87475,3499,0,242,3593,196,0
2025-08-23,P003,28,151172,5399,1,330,12007,192,0
2025-08-23,P004,45,193455,4299,0,458,4857,174,0
2025-08-24,P001,38,49362,1299,0,420,3901,196,0
2025-08-24,P002,26,90974,3499,0,297,1803,174,0
2025-08-24,P003,19,113981,5999,0,152,4609,173,0
2025-08-24,P004,41,176259,4299,0,569,6138,158,0
2025-08-25,P001,32,41568,1299,0,332,2388,141,0
2025-08-25,P002,19,66481,3499,0,188,3291,204,0
2025-08-25,P003,19,113981,5999,0,117,7151,90,0
2025-08-25,P004,30,128970,4299,0,257,3872,119,0
2025-08-26,P001,37,48063,1299,0,471,5809,137,0
2025-08-26,P002,20,69980,3499,0,230,7560,187,0
2025-08-26,P003,16,95984,5999,0,216,4647,186,0
2025-08-26,P004,29,124671,4299,0,324,8243,160,0
2025-08-27,P001,36,46764,1299,0,220,5733,215,0
2025-08-27,P002,15,52485,3499,0,75,6250,154,0
2025-08-27,P003,19,113981,5999,0,119,6022,176,0
2025-08-27,P004,30,128970,4299,0,222,6074,126,0
2025-08-28,P001,34,44166,1299,0,400,5134,192,0
2025-08-28,P002,22,76978,3499,0,293,8458,162,0
2025-08-28,P003,14,83986,5999,0,126,2398,159,0
2025-08-28,P004,28,120372,4299,0,294,1278,190,0
2025-08-29,P001,32,41568,1299,0,296,4314,175,0
2025-08-29,P002,18,62982,3499,0,194,6591,163,0
2025-08-29,P003,12,71988,5999,0,139,3427,134,0
2025-08-29,P004,34,146166,4299,0,306,6121,144,0
2025-08-30,P001,58,67802,1169,1,470,12360,133,0
2025-08-30,P002,25,87475,3499,0,289,6284,220,0
2025-08-30,P003,19,113981,5999,0,133,3502,193,0
2025-08-30,P004,39,167661,4299,0,257,5871,121,0
2025-08-31,P001,38,49362,1299,0,349,5900,122,0
2025-08-31,P002,37,129463,3499,0,413,3985,130,0
2025-08-31,P003,22,131978,5999,0,210,5425,97,0
2025-08-31,P004,47,202053,4299,0,374,7256,119,0
2025-09-01,P001,33,42867,1299,0,233,5848,148,0
2025-09-01,P002,26,90974,3499,0,330,3255,214,0
2025-09-01,P003,18,107982,5999,0,161,5633,134,0
2025-09-01,P004,28,120372,4299,0,259,5418,146,0
2025-09-02,P001,34,44166,1299,0,352,3511,204,0
2025-09-02,P002,19,66481,3499,0,164,6549,225,0
2025-09-02,P003,18,107982,5999,0,172,3855,127,0
2025-09-02,P004,28,120372,4299,0,216,6426,159,0
2025-09-03,P001,36,46764,1299,0,238,3564,182,0
2025-09-03,P002,25,87475,3499,0,253,3033,159,0
2025-09-03,P003,14,83986,5999,0,173,8125,146,0
2025-09-03,P004,31,133269,4299,0,333,3747,172,0
2025-09-04,P001,27,35073,1299,0,353,5357,154,0
2025-09-04,P002,19,66481,3499,0,189,3747,134,0
2025-09-04,P003,23,124177,5399,1,182,13026,98,0
2025-09-04,P004,53,205057,3869,1,610,15859,179,0
2025-09-05,P001,32,41568,1299,0,365,3238,161,0
2025-09-05,P002,24,83976,3499,0,252,2366,122,0
2025-09-05,P003,18,107982,5999,0,231,4235,149,0
2025-09-05,P004,38,163362,4299,0,293,5457,174,0
2025-09-06,P001,41,53259,1299,0,306,4953,154,0
2025-09-06,P002,31,108469,3499,0,354,5642,123,0
2025-09-06,P003,19,113981,5999,0,185,4945,155,0
2025-09-06,P004,51,219249,4299,0,486,6613,103,0
2025-09-07,P001,43,55857,1299,0,479,4516,122,0
2025-09-07,P002,38,132962,3499,0,319,4297,170,0
2025-09-07,P003,31,167369,5399,1,298,12174,107,0
2025-09-07,P004,48,206352,4299,0,585,10225,184,0
2025-09-08,P001,37,48063,1299,0,424,5499,142,0
2025-09-08,P002,21,73479,3499,0,144,6615,164,0
2025-09-08,P003,31,167369,5399,1,320,10968,203,0
2025-09-08,P004,34,146166,4299,0,259,5599,165,0
2025-09-09,P001,31,40269,1299,0,277,3544,168,0
2025-09-09,P002,24,83976,3499,0,220,5412,200,0
2025-09-09,P003,11,65989,5999,0,139,5582,159,0
2025-09-09,P004,42,180558,4299,0,511,1000,146,0
2025-09-10,P001,31,40269,1299,0,354,3996,150,0
2025-09-10,P002,24,83976,3499,0,258,6420,194,0
2025-09-10,P003,27,145773,5399,1,246,10573,117,0
2025-09-10,P004,41,176259,4299,0,458,8987,129,0
2025-09-11,P001,27,35073,1299,0,287,5236,57,0
2025-09-11,P002,27,94473,3499,0,135,4364,184,0
2025-09-11,P003,14,83986,5999,0,113,4684,108,0
2025-09-11,P004,37,159063,4299,0,284,3227,185,0
2025-09-12,P001,33,42867,1299,0,268,6908,159,0
2025-09-12,P002,22,76978,3499,0,256,3320,217,0
2025-09-12,P003,21,125979,5999,0,252,7010,243,0
2025-09-12,P004,41,176259,4299,0,237,6594,201,0
2025-09-13,P001,44,57156,1299,0,372,4556,83,0
2025-09-13,P002,41,129109,3149,1,384,9796,150,0
2025-09-13,P003,29,173971,5999,0,350,7927,131,0
2025-09-13,P004,40,171960,4299,0,247,2513,174,0
2025-09-14,P001,43,55857,1299,0,419,2968,91,0
2025-09-14,P002,25,87475,3499,0,225,4587,172,0
2025-09-14,P003,26,155974,5999,0,264,4705,215,0
2025-09-14,P004,44,189156,4299,0,523,6702,39,0
2025-09-15,P001,29,37671,1299,0,371,6938,178,0
2025-09-15,P002,20,69980,3499,0,236,1355,151,0
2025-09-15,P003,19,113981,5999,0,205,6428,236,0
2025-09-15,P004,32,137568,4299,0,318,5211,138,0
2025-09-16,P001,28,36372,1299,0,213,4462,146,0
2025-09-16,P002,20,69980,3499,0,248,4474,189,0
2025-09-16,P003,23,124177,5399,1,228,14441,176,0
2025-09-16,P004,35,150465,4299,0,455,7433,81,0
2025-09-17,P001,38,49362,1299,0,325,5671,140,0
2025-09-17,P002,25,87475,3499,0,268,4079,149,0
2025-09-17,P003,22,131978,5999,0,250,7643,169,0
2025-09-17,P004,35,150465,4299,0,288,2086,111,0
2025-09-18,P001,31,40269,1299,0,392,4087,115,0
2025-09-18,P002,31,108469,3499,0,229,5033,169,0
2025-09-18,P003,15,89985,5999,0,98,6763,163,0
2025-09-18,P004,37,159063,4299,0,431,3440,115,0
2025-09-19,P001,27,35073,1299,0,182,4460,163,0
2025-09-19,P002,22,76978,3499,0,213,5765,148,0
2025-09-19,P003,16,95984,5999,0,132,3062,178,0
2025-09-19,P004,31,133269,4299,0,310,3051,209,0
2025-09-20,P001,42,54558,1299,0,389,7843,77,0
2025-09-20,P002,28,97972,3499,0,254,7602,93,0
2025-09-20,P003,24,143976,5999,0,264,4167,111,0
2025-09-20,P004,42,180558,4299,0,464,5885,195,0
2025-09-21,P001,40,51960,1299,0,330,5522,120,0
2025-09-21,P002,26,90974,3499,0,357,6256,138,0
2025-09-21,P003,23,137977,5999,0,218,7777,165,0
2025-09-21,P004,37,159063,4299,0,491,6522,151,0
2025-09-22,P001,30,38970,1299,0,440,3367,128,0
2025-09-22,P002,27,94473,3499,0,234,5232,134,0
2025-09-22,P003,18,107982,5999,0,206,5807,225,0
2025-09-22,P004,40,171960,4299,0,390,6194,141,0
2025-09-23,P001,31,40269,1299,0,352,4219,207,0
2025-09-23,P002,22,76978,3499,0,275,4508,101,0
2025-09-23,P003,17,101983,5999,0,159,1364,138,0
2025-09-23,P004,34,146166,4299,0,249,5725,165,0
2025-09-24,P001,30,38970,1299,0,219,5032,177,0
2025-09-24,P002,17,59483,3499,0,107,2407,124,0
2025-09-24,P003,19,113981,5999,0,151,6180,149,0
2025-09-24,P004,37,159063,4299,0,559,6720,160,0
2025-09-25,P001,44,51436,1169,1,327,12074,112,0
2025-09-25,P002,27,94473,3499,0,330,4879,122,0
2025-09-25,P003,21,125979,5999,0,255,7194,153,0
2025-09-25,P004,36,154764,4299,0,287,1905,131,0
2025-09-26,P001,33,42867,1299,0,380,6809,156,0
2025-09-26,P002,26,90974,3499,0,161,2418,216,0
2025-09-26,P003,21,125979,5999,0,190,2888,183,0
2025-09-26,P004,36,154764,4299,0,241,7080,111,0
2025-09-27,P001,46,59754,1299,0,517,6748,164,0
2025-09-27,P002,33,115467,3499,0,296,5157,156,0
2025-09-27,P003,21,125979,5999,0,231,4611,179,0
2025-09-27,P004,45,193455,4299,0,343,5662,112,0
2025-09-28,P001,46,59754,1299,0,446,6505,52,0
2025-09-28,P002,32,111968,3499,0,273,5564,159,0
2025-09-28,P003,19,113981,5999,0,148,5222,213,0
2025-09-28,P004,51,219249,4299,0,380,4119,136,0
2025-09-29,P001,31,40269,1299,0,365,6244,109,0
2025-09-29,P002,22,76978,3499,0,279,5980,204,0
2025-09-29,P003,21,125979,5999,0,193,2949,180,0
2025-09-29,P004,38,163362,4299,0,381,3987,75,0
2025-09-30,P001,52,60788,1169,1,618,12837,113,0
2025-09-30,P002,26,90974,3499,0,298,4486,180,0
2025-09-30,P003,16,95984,5999,0,131,1591,199,0
2025-09-30,P004,41,176259,4299,0,469,1775,126,0
2025-10-01,P001,34,44166,1299,0,355,4548,95,1
2025-10-01,P002,26,90974,3499,0,251,6026,155,1
2025-10-01,P003,23,137977,5999,0,270,4632,212,1
2025-10-01,P004,42,180558,4299,0,334,5859,146,1
2025-10-02,P001,42,54558,1299,0,271,5408,169,1
2025-10-02,P002,24,83976,3499,0,228,5060,108,1
2025-10-02,P003,19,113981,5999,0,228,5486,49,1
2025-10-02,P004,46,197754,4299,0,465,6017,134,1
2025-10-03,P001,34,44166,1299,0,480,5886,191,1
2025-10-03,P002,25,87475,3499,0,195,7109,118,1
2025-10-03,P003,24,143976,5999,0,184,5607,161,1
2025-10-03,P004,39,167661,4299,0,267,2583,147,1
2025-10-04,P001,56,72744,1299,0,674,5676,72,1
2025-10-04,P002,37,129463,3499,0,321,4545,166,1
2025-10-04,P003,21,125979,5999,0,168,6800,163,1
2025-10-04,P004,55,236445,4299,0,641,3657,185,1
2025-10-05,P001,38,49362,1299,0,400,3222,142,1
2025-10-05,P002,35,122465,3499,0,430,7216,116,1
2025-10-05,P003,30,179970,5999,0,287,4686,121,1
2025-10-05,P004,52,223548,4299,0,550,4690,124,1
2025-10-06,P001,35,45465,1299,0,355,6713,191,1
2025-10-06,P002,22,76978,3499,0,157,5786,150,1
2025-10-06,P003,23,137977,5999,0,211,5438,206,1
2025-10-06,P004,45,193455,4299,0,504,4628,137,1
2025-10-07,P001,55,64295,1169,1,675,13193,76,1
2025-10-07,P002,23,80477,3499,0,197,4605,179,1
2025-10-07,P003,22,131978,5999,0,223,7351,118,1
2025-10-07,P004,46,197754,4299,0,386,4268,157,1
2025-10-08,P001,44,57156,1299,0,302,4617,73,1
2025-10-08,P002,31,108469,3499,0,336,7226,44,1
2025-10-08,P003,17,101983,5999,0,130,2570,172,1
2025-10-08,P004,39,167661,4299,0,556,4313,200,1
2025-10-09,P001,35,45465,1299,0,313,1000,111,1
2025-10-09,P002,17,59483,3499,0,117,6951,182,1
2025-10-09,P003,29,173971,5999,0,290,4589,147,1
2025-10-09,P004,55,236445,4299,0,828,4766,75,1
2025-10-10,P001,39,50661,1299,0,377,1478,107,1
2025-10-10,P002,38,119662,3149,1,244,12313,100,1
2025-10-10,P003,25,149975,5999,0,293,7166,137,1
2025-10-10,P004,38,163362,4299,0,333,4517,177,1
2025-10-11,P001,57,74043,1299,0,789,4244,136,1
2025-10-11,P002,49,154301,3149,1,636,14446,124,1
2025-10-11,P003,32,191968,5999,0,272,6293,97,1
2025-10-11,P004,55,236445,4299,0,599,5105,140,1
2025-10-12,P001,45,58455,1299,0,469,3056,74,1
2025-10-12,P002,39,136461,3499,0,359,7482,148,1
2025-10-12,P003,30,179970,5999,0,286,3789,171,1
2025-10-12,P004,50,214950,4299,0,346,3789,59,1
2025-10-13,P001,32,41568,1299,0,374,4697,118,1
2025-10-13,P002,33,115467,3499,0,341,5146,119,1
2025-10-13,P003,20,119980,5999,0,192,6878,159,1
2025-10-13,P004,43,184857,4299,0,493,5460,96,1
2025-10-14,P001,42,54558,1299,0,618,6762,113,1
2025-10-14,P002,29,101471,3499,0,263,5971,150,1
2025-10-14,P003,30,179970,5999,0,288,5666,78,1
2025-10-14,P004,41,176259,4299,0,460,5526,150,1
2025-10-15,P001,39,50661,1299,0,528,4362,131,1
2025-10-15,P002,26,90974,3499,0,241,2443,146,1
2025-10-15,P003,24,143976,5999,0,311,7255,180,1
2025-10-15,P004,42,180558,4299,0,552,4530,146,1
2025-10-16,P001,44,57156,1299,0,558,7982,134,1
2025-10-16,P002,26,90974,3499,0,245,7137,90,1
2025-10-16,P003,20,119980,5999,0,291,5130,162,1
2025-10-16,P004,44,189156,4299,0,378,2010,161,1
2025-10-17,P001,43,55857,1299,0,380,6796,115,1
2025-10-17,P002,28,97972,3499,0,318,6883,127,1
2025-10-17,P003,27,161973,5999,0,365,5865,241,1
2025-10-17,P004,49,210651,4299,0,547,5842,92,1
2025-10-18,P001,50,64950,1299,0,558,2447,171,1
2025-10-18,P002,31,108469,3499,0,318,5194,134,1
2025-10-18,P003,45,242955,5399,1,433,14397,131,1
2025-10-18,P004,61,262239,4299,0,465,7858,93,1
2025-10-19,P001,54,70146,1299,0,791,6437,84,1
2025-10-19,P002,34,118966,3499,0,268,3159,130,1
2025-10-19,P003,27,161973,5999,0,268,4538,176,1
2025-10-19,P004,60,257940,4299,0,787,3969,115,1
2025-10-20,P001,38,49362,1299,0,305,6304,116,1
2025-10-20,P002,27,94473,3499,0,262,6279,206,1
2025-10-20,P003,28,167972,5999,0,322,6237,143,1
2025-10-20,P004,48,206352,4299,0,645,5851,133,1
2025-10-21,P001,38,49362,1299,0,359,4880,179,1
2025-10-21,P002,29,101471,3499,0,322,4120,117,1
2025-10-21,P003,25,149975,5999,0,270,7002,194,1
2025-10-21,P004,44,189156,4299,0,294,3759,143,1
2025-10-22,P001,41,53259,1299,0,312,4863,174,1
2025-10-22,P002,28,97972,3499,0,312,4948,115,1
2025-10-22,P003,26,155974,5999,0,311,5552,221,1
2025-10-22,P004,45,193455,4299,0,387,5770,111,1
2025-10-23,P001,34,44166,1299,0,263,3083,131,1
2025-10-23,P002,33,115467,3499,0,297,8044,161,1
2025-10-23,P003,27,161973,5999,0,135,6792,136,1
2025-10-23,P004,45,193455,4299,0,540,4628,105,1
2025-10-24,P001,34,44166,1299,0,375,6582,153,1
2025-10-24,P002,26,90974,3499,0,272,7472,148,1
2025-10-24,P003,23,137977,5999,0,255,5921,180,1
2025-10-24,P004,48,206352,4299,0,473,5108,134,1
2025-10-25,P001,42,54558,1299,0,357,8569,170,1
2025-10-25,P002,32,111968,3499,0,308,4939,164,1
2025-10-25,P003,27,161973,5999,0,345,5055,100,1
2025-10-25,P004,54,232146,4299,0,668,5778,92,1
2025-10-26,P001,72,84168,1169,1,701,9409,154,1
2025-10-26,P002,35,122465,3499,0,283,4685,206,1
2025-10-26,P003,29,173971,5999,0,228,4972,67,1
2025-10-26,P004,51,219249,4299,0,703,4467,139,1
2025-10-27,P001,59,68971,1169,1,819,9579,122,1
2025-10-27,P002,35,122465,3499,0,280,1769,125,1
2025-10-27,P003,28,167972,5999,0,234,9085,208,1
2025-10-27,P004,50,214950,4299,0,643,4563,85,1
2025-10-28,P001,42,54558,1299,0,501,8773,164,1
2025-10-28,P002,24,83976,3499,0,272,4947,112,1
2025-10-28,P003,21,125979,5999,0,195,4387,112,1
2025-10-28,P004,46,197754,4299,0,269,6074,128,1
2025-10-29,P001,45,58455,1299,0,441,3565,139,1
2025-10-29,P002,29,101471,3499,0,251,4495,138,1
2025-10-29,P003,29,173971,5999,0,275,6023,129,1
2025-10-29,P004,43,184857,4299,0,515,5096,195,1
2025-10-30,P001,44,57156,1299,0,410,4572,137,1
2025-10-30,P002,21,73479,3499,0,231,6716,238,1
2025-10-30,P003,23,137977,5999,0,187,6383,173,1
2025-10-30,P004,42,180558,4299,0,390,2639,122,1
2025-10-31,P001,36,46764,1299,0,380,3233,94,1
2025-10-31,P002,28,97972,3499,0,324,5151,149,1
2025-10-31,P003,29,173971,5999,0,315,3926,152,1
2025-10-31,P004,41,176259,4299,0,648,3278,136,1
2025-11-01,P001,40,51960,1299,0,421,1000,127,1
2025-11-01,P002,29,101471,3499,0,384,7582,87,1
2025-11-01,P003,25,149975,5999,0,189,6203,138,1
2025-11-01,P004,61,262239,4299,0,698,5292,142,1
2025-11-02,P001,40,51960,1299,0,328,6346,142,1
2025-11-02,P002,42,146958,3499,0,327,7671,163,1
2025-11-02,P003,29,173971,5999,0,318,7751,186,1
2025-11-02,P004,57,245043,4299,0,683,6178,150,1
2025-11-03,P001,47,61053,1299,0,530,4348,81,1
2025-11-03,P002,28,97972,3499,0,232,7278,104,1
2025-11-03,P003,15,89985,5999,0,167,6722,154,1
2025-11-03,P004,48,206352,4299,0,329,7249,169,1
2025-11-04,P001,36,46764,1299,0,359,7788,187,1
2025-11-04,P002,26,90974,3499,0,309,6589,152,1
2025-11-04,P003,23,137977,5999,0,362,4447,99,1
2025-11-04,P004,40,171960,4299,0,445,4519,110,1
2025-11-05,P001,39,50661,1299,0,364,4502,72,1
2025-11-05,P002,32,111968,3499,0,366,6918,214,1
2025-11-05,P003,19,113981,5999,0,179,6026,118,1
2025-11-05,P004,51,219249,4299,0,566,6527,146,1
2025-11-06,P001,40,51960,1299,0,341,8110,175,1
2025-11-06,P002,31,108469,3499,0,296,6445,110,1
2025-11-06,P003,30,179970,5999,0,327,8273,167,1
2025-11-06,P004,46,197754,4299,0,519,5803,147,1
2025-11-07,P001,40,51960,1299,0,565,6603,189,1
2025-11-07,P002,30,104970,3499,0,237,5678,208,1
2025-11-07,P003,20,119980,5999,0,203,6218,110,1
2025-11-07,P004,40,171960,4299,0,633,1917,135,1
2025-11-08,P001,46,59754,1299,0,655,4149,114,1
2025-11-08,P002,37,129463,3499,0,324,3763,126,1
2025-11-08,P003,29,173971,5999,0,326,4609,203,1
2025-11-08,P004,52,223548,4299,0,455,6630,169,1
2025-11-09,P001,43,55857,1299,0,528,5318,156,1
2025-11-09,P002,35,122465,3499,0,341,2789,151,1
2025-11-09,P003,37,221963,5999,0,458,7507,109,1
2025-11-09,P004,63,270837,4299,0,712,6662,153,1
2025-11-10,P001,45,58455,1299,0,559,2746,121,1
2025-11-10,P002,31,108469,3499,0,399,5173,144,1
2025-11-10,P003,24,143976,5999,0,133,8770,155,1
2025-11-10,P004,47,202053,4299,0,558,5746,70,1
2025-11-11,P001,36,46764,1299,0,376,6300,134,1
2025-11-11,P002,35,122465,3499,0,307,6809,255,1
2025-11-11,P003,42,226758,5399,1,490,11791,118,1
2025-11-11,P004,48,206352,4299,0,426,5085,88,1
2025-11-12,P001,42,54558,1299,0,357,3431,244,1
2025-11-12,P002,30,104970,3499,0,328,3425,141,1
2025-11-12,P003,27,161973,5999,0,432,5066,127,1
2025-11-12,P004,49,210651,4299,0,363,4931,76,1
2025-11-13,P001,41,53259,1299,0,430,6092,143,1
2025-11-13,P002,28,97972,3499,0,243,8264,139,1
2025-11-13,P003,23,137977,5999,0,205,5428,147,1
2025-11-13,P004,50,214950,4299,0,578,3559,156,1
2025-11-14,P001,49,63651,1299,0,411,6011,148,1
2025-11-14,P002,31,108469,3499,0,358,2856,197,1
2025-11-14,P003,21,125979,5999,0,300,4537,123,1
2025-11-14,P004,47,202053,4299,0,383,5549,100,1
2025-11-15,P001,57,74043,1299,0,595,3998,60,1
2025-11-15,P002,33,115467,3499,0,326,5933,141,1
2025-11-15,P003,32,191968,5999,0,362,6111,148,1
2025-11-15,P004,63,270837,4299,0,629,7296,147,1
2025-11-16,P001,76,88844,1169,1,683,11212,170,1
2025-11-16,P002,34,118966,3499,0,426,5219,178,1
2025-11-16,P003,32,191968,5999,0,273,5569,206,1
2025-11-16,P004,49,210651,4299,0,322,4572,118,1
2025-11-17,P001,35,45465,1299,0,333,4260,121,1
2025-11-17,P002,21,73479,3499,0,227,7114,206,1
2025-11-17,P003,19,113981,5999,0,190,3806,127,1
2025-11-17,P004,49,210651,4299,0,387,5935,114,1
2025-11-18,P001,41,53259,1299,0,289,4217,117,1
2025-11-18,P002,30,104970,3499,0,269,4290,131,1
2025-11-18,P003,31,185969,5999,0,253,4676,90,1
2025-11-18,P004,46,197754,4299,0,604,4606,130,1
2025-11-19,P001,45,58455,1299,0,549,5384,156,1
2025-11-19,P002,24,83976,3499,0,272,5855,157,1
2025-11-19,P003,31,185969,5999,0,288,7302,123,1
2025-11-19,P004,49,210651,4299,0,628,1367,133,1
2025-11-20,P001,46,59754,1299,0,690,5066,215,1
2025-11-20,P002,30,104970,3499,0,337,6597,102,1
2025-11-20,P003,29,173971,5999,0,225,5234,125,1
2025-11-20,P004,39,167661,4299,0,544,7352,141,1
2025-11-21,P001,41,53259,1299,0,530,9316,166,1
2025-11-21,P002,34,118966,3499,0,413,7012,163,1
2025-11-21,P003,27,161973,5999,0,336,6340,190,1
2025-11-21,P004,67,259223,3869,1,918,12611,93,1
2025-11-22,P001,54,70146,1299,0,405,9051,59,1
2025-11-22,P002,44,153956,3499,0,669,6720,101,1
2025-11-22,P003,31,185969,5999,0,227,4315,139,1
2025-11-22,P004,62,266538,4299,0,664,4995,126,1
2025-11-23,P001,50,64950,1299,0,741,4732,88,1
2025-11-23,P002,35,122465,3499,0,486,2040,68,1
2025-11-23,P003,24,143976,5999,0,200,4200,154,1
2025-11-23,P004,55,236445,4299,0,529,4149,61,1
2025-11-24,P001,43,55857,1299,0,543,3042,55,1
2025-11-24,P002,32,111968,3499,0,449,4656,140,1
2025-11-24,P003,30,179970,5999,0,241,7717,199,1
2025-11-24,P004,49,210651,4299,0,651,4286,38,1
2025-11-25,P001,41,53259,1299,0,490,4045,98,1
2025-11-25,P002,40,139960,3499,0,409,4962,160,1
2025-11-25,P003,26,155974,5999,0,307,7024,176,1
2025-11-25,P004,44,189156,4299,0,446,3412,77,1
2025-11-26,P001,51,66249,1299,0,421,2363,168,1
2025-11-26,P002,28,97972,3499,0,304,2675,217,1
2025-11-26,P003,23,137977,5999,0,241,4719,147,1
2025-11-26,P004,47,202053,4299,0,573,4902,103,1
2025-11-27,P001,49,63651,1299,0,407,5460,73,1
2025-11-27,P002,37,129463,3499,0,416,3303,117,1
2025-11-27,P003,27,161973,5999,0,302,2639,141,1
2025-11-27,P004,53,227847,4299,0,648,8159,65,1
2025-11-28,P001,41,53259,1299,0,479,4244,139,1
2025-11-28,P002,34,118966,3499,0,387,7918,198,1
2025-11-28,P003,27,161973,5999,0,265,6966,155,1
2025-11-28,P004,48,206352,4299,0,309,2388,126,1
2025-11-29,P001,45,58455,1299,0,502,2093,143,1
2025-11-29,P002,34,118966,3499,0,374,5044,233,1
2025-11-29,P003,39,233961,5999,0,294,5828,91,1
2025-11-29,P004,54,232146,4299,0,647,4010,213,1
2025-11-30,P001,56,72744,1299,0,494,5105,142,1
2025-11-30,P002,40,139960,3499,0,200,6611,135,1
2025-11-30,P003,23,137977,5999,0,275,5578,171,1
2025-11-30,P004,59,253641,4299,0,442,6539,112,1
2025-12-01,P001,56,72744,1299,0,530,5977,116,1
2025-12-01,P002,24,83976,3499,0,191,6360,147,1
2025-12-01,P003,41,221359,5399,1,505,14661,115,1
2025-12-01,P004,67,259223,3869,1,594,14158,91,1
2025-12-02,P001,41,53259,1299,0,349,6308,141,1
2025-12-02,P002,30,104970,3499,0,210,5201,210,1
2025-12-02,P003,20,119980,5999,0,215,7584,180,1
2025-12-02,P004,48,206352,4299,0,465,6295,52,1
2025-12-03,P001,40,51960,1299,0,434,6863,99,1
2025-12-03,P002,27,94473,3499,0,332,5187,85,1
2025-12-03,P003,24,143976,5999,0,249,5544,155,1
2025-12-03,P004,43,184857,4299,0,614,5009,156,1
2025-12-04,P001,44,57156,1299,0,267,7775,136,1
2025-12-04,P002,28,97972,3499,0,207,4374,125,1
2025-12-04,P003,26,155974,5999,0,252,5536,177,1
2025-12-04,P004,48,206352,4299,0,257,5184,146,1
2025-12-05,P001,41,53259,1299,0,360,6453,122,1
2025-12-05,P002,29,101471,3499,0,344,6562,204,1
2025-12-05,P003,19,113981,5999,0,211,6772,243,1
2025-12-05,P004,50,214950,4299,0,594,4209,147,1
2025-12-06,P001,52,67548,1299,0,470,3773,140,1
2025-12-06,P002,61,192089,3149,1,759,10915,97,1
2025-12-06,P003,33,197967,5999,0,441,5793,154,1
2025-12-06,P004,55,236445,4299,0,538,1616,126,1
2025-12-07,P001,59,76641,1299,0,639,5237,63,1
2025-12-07,P002,39,136461,3499,0,515,6236,97,1
2025-12-07,P003,34,203966,5999,0,398,3705,153,1
2025-12-07,P004,57,245043,4299,0,493,5841,201,1
2025-12-08,P001,40,51960,1299,0,277,5019,180,1
2025-12-08,P002,33,115467,3499,0,305,7066,226,1
2025-12-08,P003,29,173971,5999,0,261,5576,125,1
2025-12-08,P004,46,197754,4299,0,519,4217,99,1
2025-12-09,P001,45,58455,1299,0,468,6656,128,1
2025-12-09,P002,36,125964,3499,0,330,5357,130,1
2025-12-09,P003,25,149975,5999,0,332,4855,150,1
2025-12-09,P004,44,189156,4299,0,555,1553,135,1
2025-12-10,P001,52,67548,1299,0,433,5655,87,1
2025-12-10,P002,39,136461,3499,0,337,8500,159,1
2025-12-10,P003,32,191968,5999,0,240,4237,139,1
2025-12-10,P004,53,227847,4299,0,743,5819,174,1
2025-12-11,P001,46,59754,1299,0,588,5032,102,1
2025-12-11,P002,31,108469,3499,0,300,5018,177,1
2025-12-11,P003,31,185969,5999,0,204,6552,104,1
2025-12-11,P004,47,202053,4299,0,434,1274,142,1
2025-12-12,P001,51,66249,1299,0,515,6982,100,1
2025-12-12,P002,34,118966,3499,0,425,6006,165,1
2025-12-12,P003,31,185969,5999,0,272,4444,150,1
2025-12-12,P004,50,214950,4299,0,602,3372,139,1
2025-12-13,P001,53,68847,1299,0,642,3453,92,1
2025-12-13,P002,42,146958,3499,0,504,8220,157,1
2025-12-13,P003,37,221963,5999,0,321,5533,203,1
2025-12-13,P004,69,296631,4299,0,569,6699,68,1
2025-12-14,P001,60,77940,1299,0,680,4617,91,1
2025-12-14,P002,44,153956,3499,0,435,6027,98,1
2025-12-14,P003,26,155974,5999,0,217,6011,208,1
2025-12-14,P004,64,275136,4299,0,352,2473,94,1
2025-12-15,P001,43,55857,1299,0,293,3714,192,1
2025-12-15,P002,36,125964,3499,0,399,6942,121,1
2025-12-15,P003,26,155974,5999,0,206,5167,140,1
2025-12-15,P004,49,210651,4299,0,552,5632,32,1
2025-12-16,P001,63,73647,1169,1,544,11955,157,1
2025-12-16,P002,33,115467,3499,0,475,6773,142,1
2025-12-16,P003,26,155974,5999,0,208,5452,93,1
2025-12-16,P004,48,206352,4299,0,654,5577,99,1
2025-12-17,P001,64,74816,1169,1,467,11766,80,1
2025-12-17,P002,38,132962,3499,0,330,3900,166,1
2025-12-17,P003,29,173971,5999,0,241,5431,170,1
2025-12-17,P004,67,259223,3869,1,503,9583,171,1
2025-12-18,P001,47,61053,1299,0,450,3483,87,1
2025-12-18,P002,38,132962,3499,0,372,4314,100,1
2025-12-18,P003,26,155974,5999,0,324,6106,181,1
2025-12-18,P004,43,184857,4299,0,521,3311,161,1
2025-12-19,P001,56,72744,1299,0,457,2364,117,1
2025-12-19,P002,40,139960,3499,0,408,3937,159,1
2025-12-19,P003,26,155974,5999,0,290,5536,158,1
2025-12-19,P004,47,202053,4299,0,235,5334,84,1
2025-12-20,P001,52,67548,1299,0,658,4488,138,1
2025-12-20,P002,42,146958,3499,0,528,4974,29,1
2025-12-20,P003,34,203966,5999,0,281,3365,75,1
2025-12-20,P004,57,245043,4299,0,719,7585,203,1
2025-12-21,P001,57,74043,1299,0,545,2787,173,1
2025-12-21,P002,46,160954,3499,0,429,5511,107,1
2025-12-21,P003,26,155974,5999,0,279,4376,191,1
2025-12-21,P004,62,266538,4299,0,498,3997,122,1
2025-12-22,P001,44,57156,1299,0,472,5669,163,1
2025-12-22,P002,29,101471,3499,0,369,4203,161,1
2025-12-22,P003,24,143976,5999,0,272,6773,111,1
2025-12-22,P004,47,202053,4299,0,456,5913,215,1
2025-12-23,P001,56,65464,1169,1,539,12927,144,1
2025-12-23,P002,29,101471,3499,0,237,4572,116,1
2025-12-23,P003,22,131978,5999,0,250,5345,173,1
2025-12-23,P004,44,189156,4299,0,424,4933,130,1
2025-12-24,P001,51,66249,1299,0,458,6019,173,1
2025-12-24,P002,39,136461,3499,0,239,4959,158,1
2025-12-24,P003,24,143976,5999,0,182,2317,124,1
2025-12-24,P004,44,189156,4299,0,629,5888,150,1
2025-12-25,P001,52,67548,1299,0,536,3978,136,1
2025-12-25,P002,34,118966,3499,0,278,5121,179,1
2025-12-25,P003,31,185969,5999,0,250,2975,152,1
2025-12-25,P004,48,206352,4299,0,240,2586,198,1
2025-12-26,P001,46,59754,1299,0,598,3403,175,1
2025-12-26,P002,39,136461,3499,0,558,9966,161,1
2025-12-26,P003,25,149975,5999,0,284,3274,157,1
2025-12-26,P004,42,180558,4299,0,459,5340,138,1
2025-12-27,P001,63,81837,1299,0,719,4459,97,1
2025-12-27,P002,39,136461,3499,0,434,5045,132,1
2025-12-27,P003,30,179970,5999,0,321,6741,150,1
2025-12-27,P004,60,257940,4299,0,600,2702,109,1
2025-12-28,P001,57,74043,1299,0,508,1014,82,1
2025-12-28,P002,48,167952,3499,0,408,5005,93,1
2025-12-28,P003,36,215964,5999,0,421,4571,159,1
2025-12-28,P004,58,249342,4299,0,759,3465,114,1
2025-12-29,P001,44,57156,1299,0,504,5073,123,1
2025-12-29,P002,42,132258,3149,1,515,9452,81,1
2025-12-29,P003,33,197967,5999,0,357,6283,199,1
2025-12-29,P004,50,214950,4299,0,644,4115,123,1
2025-12-30,P001,44,57156,1299,0,376,5827,129,1
2025-12-30,P002,53,166897,3149,1,380,12115,27,1
2025-12-30,P003,27,161973,5999,0,281,4556,150,1
2025-12-30,P004,47,202053,4299,0,450,5603,64,1
