review_id,review_date,product_id,source,rating,review_text,sentiment_label,primary_aspect,verified_purchase,helpful_votes
RV00001,2024-03-02,P002,Support Follow-up,5,Excellent purchase. The SonicWave Lite has strong price and arrived in perfect condition.,positive,price,1,0
RV00002,2025-06-05,P002,Marketplace,5,Very happy with the SonicWave Lite. The sound quality exceeded my expectations and the price feels fair.,positive,sound quality,1,7
RV00003,2025-03-31,P001,Marketplace,4,Very happy with the PulseBottle Pro. The lid seal exceeded my expectations and the price feels fair.,positive,lid seal,1,5
RV00004,2025-12-07,P002,Marketplace,4,The SonicWave Lite feels reliable and the comfort is excellent. Delivery was quick and I would recommend it.,positive,comfort,1,0
RV00005,2024-01-31,P004,Marketplace,4,The AeroRun Flex feels reliable and the comfort is excellent. Delivery was quick and I would recommend it.,positive,comfort,1,17
RV00006,2025-01-22,P004,Support Follow-up,5,"I have used the AeroRun Flex for several weeks. Great comfort, simple setup, and helpful service.",positive,comfort,0,4
RV00007,2024-12-25,P003,Support Follow-up,4,Very happy with the FitTrack Neo. The display exceeded my expectations and the price feels fair.,positive,display,1,1
RV00008,2024-06-02,P002,MarketPulse Store,5,Very happy with the SonicWave Lite. The comfort exceeded my expectations and the price feels fair.,positive,comfort,1,2
RV00009,2024-08-29,P003,Marketplace,5,The FitTrack Neo feels reliable and the display is excellent. Delivery was quick and I would recommend it.,positive,display,1,4
RV00010,2025-07-15,P002,Marketplace,3,The SonicWave Lite is fine for regular use. The sound quality matches the listed specifications.,neutral,sound quality,1,0
RV00011,2025-10-23,P004,Retail Survey,3,"I received the AeroRun Flex. It works as described, although the price is neither great nor poor.",neutral,price,1,5
RV00012,2025-06-01,P001,Support Follow-up,1,The PulseBottle Pro costs too much for this level of price. I requested a return.,negative,price,1,13
RV00013,2024-01-25,P004,Support Follow-up,5,Excellent purchase. The AeroRun Flex has strong sole quality and arrived in perfect condition.,positive,sole quality,1,8
RV00014,2024-02-03,P004,Support Follow-up,4,"I have used the AeroRun Flex for several weeks. Great sole quality, simple setup, and helpful service.",positive,sole quality,1,1
RV00015,2025-07-26,P003,Support Follow-up,4,The FitTrack Neo feels reliable and the display is excellent. Delivery was quick and I would recommend it.,positive,display,1,9
RV00016,2025-09-22,P004,Marketplace,5,Excellent purchase. The AeroRun Flex has strong fit and arrived in perfect condition.,positive,fit,0,2
RV00017,2025-09-03,P002,Marketplace,5,Very happy with the SonicWave Lite. The comfort exceeded my expectations and the price feels fair.,positive,comfort,0,8
RV00018,2025-08-07,P001,Marketplace,1,"Bad experience. The PulseBottle Pro has weak lid seal, confusing setup, and unhelpful service.",negative,lid seal,0,12
RV00019,2025-10-21,P004,Retail Survey,4,Excellent purchase. The AeroRun Flex has strong fit and arrived in perfect condition.,positive,fit,1,16
RV00020,2024-01-12,P002,Support Follow-up,1,"Bad experience. The SonicWave Lite has weak sound quality, confusing setup, and unhelpful service.",negative,sound quality,1,14
RV00021,2025-08-07,P004,Retail Survey,1,"Bad experience. The AeroRun Flex has weak fit, confusing setup, and unhelpful service.",negative,fit,1,9
RV00022,2024-03-19,P004,MarketPulse Store,5,Very happy with the AeroRun Flex. The price exceeded my expectations and the price feels fair.,positive,price,1,7
RV00023,2024-08-08,P003,Retail Survey,4,"I have used the FitTrack Neo for several weeks. Great battery, simple setup, and helpful service.",positive,battery,1,0
RV00024,2024-04-25,P002,Retail Survey,5,Excellent purchase. The SonicWave Lite has strong price and arrived in perfect condition.,positive,price,1,18
RV00025,2025-02-09,P004,MarketPulse Store,3,An ordinary experience with the AeroRun Flex. The price is okay for the price.,neutral,price,1,19
RV00026,2025-08-27,P002,Support Follow-up,4,Excellent purchase. The SonicWave Lite has strong sound quality and arrived in perfect condition.,positive,sound quality,1,18
RV00027,2024-09-07,P003,Retail Survey,3,The FitTrack Neo is fine for regular use. The fitness tracking matches the listed specifications.,neutral,fitness tracking,0,6
RV00028,2024-06-23,P004,Retail Survey,2,The AeroRun Flex disappointed me. The fit is poor and support took too long to respond.,negative,fit,1,4
RV00029,2024-03-21,P001,Marketplace,3,The PulseBottle Pro is acceptable. The lid seal is average and delivery took the expected time.,neutral,lid seal,1,0
RV00030,2025-06-07,P003,Retail Survey,1,"Bad experience. The FitTrack Neo has weak display, confusing setup, and unhelpful service.",negative,display,1,3
RV00031,2025-05-14,P003,Support Follow-up,3,An ordinary experience with the FitTrack Neo. The price is okay for the price.,neutral,price,1,8
RV00032,2024-10-13,P004,Support Follow-up,5,Very happy with the AeroRun Flex. The price exceeded my expectations and the price feels fair.,positive,price,1,14
RV00033,2025-07-28,P003,Support Follow-up,5,The FitTrack Neo feels reliable and the display is excellent. Delivery was quick and I would recommend it.,positive,display,1,2
RV00034,2025-05-17,P003,Marketplace,5,The FitTrack Neo feels reliable and the fitness tracking is excellent. Delivery was quick and I would recommend it.,positive,fitness tracking,0,1
RV00035,2024-02-01,P002,Support Follow-up,5,Very happy with the SonicWave Lite. The battery exceeded my expectations and the price feels fair.,positive,battery,1,9
RV00036,2024-04-22,P002,Marketplace,3,The SonicWave Lite is acceptable. The sound quality is average and delivery took the expected time.,neutral,sound quality,1,0
RV00037,2024-12-20,P001,Marketplace,5,"I have used the PulseBottle Pro for several weeks. Great temperature retention, simple setup, and helpful service.",positive,temperature retention,1,5
RV00038,2024-11-29,P004,Support Follow-up,2,Not satisfied with the AeroRun Flex. The sole quality failed within a few days and delivery was delayed.,negative,sole quality,1,5
RV00039,2024-05-20,P004,MarketPulse Store,5,Excellent purchase. The AeroRun Flex has strong sole quality and arrived in perfect condition.,positive,sole quality,1,3
RV00040,2024-07-20,P003,Support Follow-up,4,Excellent purchase. The FitTrack Neo has strong fitness tracking and arrived in perfect condition.,positive,fitness tracking,1,18
RV00041,2024-11-23,P002,MarketPulse Store,4,Excellent purchase. The SonicWave Lite has strong sound quality and arrived in perfect condition.,positive,sound quality,1,0
RV00042,2025-08-17,P002,MarketPulse Store,5,The SonicWave Lite feels reliable and the battery is excellent. Delivery was quick and I would recommend it.,positive,battery,1,23
RV00043,2024-05-15,P004,MarketPulse Store,3,"I received the AeroRun Flex. It works as described, although the sole quality is neither great nor poor.",neutral,sole quality,0,11
RV00044,2025-05-23,P003,MarketPulse Store,5,Excellent purchase. The FitTrack Neo has strong fitness tracking and arrived in perfect condition.,positive,fitness tracking,1,0
RV00045,2024-03-19,P003,Support Follow-up,5,Very happy with the FitTrack Neo. The price exceeded my expectations and the price feels fair.,positive,price,1,0
RV00046,2024-02-27,P001,MarketPulse Store,5,Very happy with the PulseBottle Pro. The build quality exceeded my expectations and the price feels fair.,positive,build quality,1,10
RV00047,2025-12-16,P002,Marketplace,1,Not satisfied with the SonicWave Lite. The comfort failed within a few days and delivery was delayed.,negative,comfort,1,1
RV00048,2024-04-12,P003,Marketplace,5,The FitTrack Neo feels reliable and the display is excellent. Delivery was quick and I would recommend it.,positive,display,1,0
RV00049,2025-09-23,P004,MarketPulse Store,2,Not satisfied with the AeroRun Flex. The price failed within a few days and delivery was delayed.,negative,price,1,15
RV00050,2025-03-17,P002,MarketPulse Store,1,The SonicWave Lite disappointed me. The comfort is poor and support took too long to respond.,negative,comfort,0,8
RV00051,2025-10-06,P001,Marketplace,3,An ordinary experience with the PulseBottle Pro. The build quality is okay for the price.,neutral,build quality,0,10
RV00052,2024-11-26,P001,Retail Survey,4,Excellent purchase. The PulseBottle Pro has strong temperature retention and arrived in perfect condition.,positive,temperature retention,0,13
RV00053,2025-09-29,P003,Retail Survey,2,"Bad experience. The FitTrack Neo has weak fitness tracking, confusing setup, and unhelpful service.",negative,fitness tracking,1,4
RV00054,2024-09-23,P002,Support Follow-up,4,Very happy with the SonicWave Lite. The price exceeded my expectations and the price feels fair.,positive,price,1,6
RV00055,2025-02-09,P003,Marketplace,5,The FitTrack Neo feels reliable and the price is excellent. Delivery was quick and I would recommend it.,positive,price,0,14
RV00056,2024-05-12,P004,MarketPulse Store,5,"I have used the AeroRun Flex for several weeks. Great comfort, simple setup, and helpful service.",positive,comfort,1,1
RV00057,2024-04-30,P001,MarketPulse Store,5,Excellent purchase. The PulseBottle Pro has strong build quality and arrived in perfect condition.,positive,build quality,0,10
RV00058,2024-12-12,P001,Retail Survey,5,Excellent purchase. The PulseBottle Pro has strong build quality and arrived in perfect condition.,positive,build quality,0,7
RV00059,2025-05-30,P003,MarketPulse Store,5,"I have used the FitTrack Neo for several weeks. Great battery, simple setup, and helpful service.",positive,battery,1,10
RV00060,2025-05-10,P001,Support Follow-up,1,Not satisfied with the PulseBottle Pro. The temperature retention failed within a few days and delivery was delayed.,negative,temperature retention,1,0
RV00061,2024-05-29,P003,Marketplace,3,The FitTrack Neo is fine for regular use. The battery matches the listed specifications.,neutral,battery,1,5
RV00062,2024-05-04,P004,MarketPulse Store,3,The AeroRun Flex is fine for regular use. The price matches the listed specifications.,neutral,price,1,10
RV00063,2024-10-20,P002,Marketplace,3,The SonicWave Lite is acceptable. The price is average and delivery took the expected time.,neutral,price,1,8
RV00064,2025-01-20,P001,Marketplace,5,The PulseBottle Pro feels reliable and the price is excellent. Delivery was quick and I would recommend it.,positive,price,1,1
RV00065,2025-04-05,P003,Support Follow-up,5,The FitTrack Neo feels reliable and the fitness tracking is excellent. Delivery was quick and I would recommend it.,positive,fitness tracking,1,8
RV00066,2025-05-04,P004,MarketPulse Store,3,The AeroRun Flex is acceptable. The sole quality is average and delivery took the expected time.,neutral,sole quality,1,3
RV00067,2024-03-25,P003,MarketPulse Store,1,The FitTrack Neo disappointed me. The price is poor and support took too long to respond.,negative,price,1,5
RV00068,2024-12-09,P004,Support Follow-up,1,Not satisfied with the AeroRun Flex. The fit failed within a few days and delivery was delayed.,negative,fit,1,0
RV00069,2024-04-02,P003,MarketPulse Store,3,The FitTrack Neo is acceptable. The battery is average and delivery took the expected time.,neutral,battery,0,15
RV00070,2025-10-06,P002,Marketplace,5,Excellent purchase. The SonicWave Lite has strong comfort and arrived in perfect condition.,positive,comfort,0,0
RV00071,2024-07-15,P003,Retail Survey,2,"Bad experience. The FitTrack Neo has weak price, confusing setup, and unhelpful service.",negative,price,1,0
RV00072,2024-05-29,P003,Marketplace,4,Very happy with the FitTrack Neo. The fitness tracking exceeded my expectations and the price feels fair.,positive,fitness tracking,1,6
RV00073,2025-04-13,P001,Marketplace,2,Not satisfied with the PulseBottle Pro. The lid seal failed within a few days and delivery was delayed.,negative,lid seal,1,0
RV00074,2024-12-13,P002,MarketPulse Store,5,Very happy with the SonicWave Lite. The sound quality exceeded my expectations and the price feels fair.,positive,sound quality,1,11
RV00075,2025-09-25,P003,Marketplace,5,Excellent purchase. The FitTrack Neo has strong display and arrived in perfect condition.,positive,display,1,0
RV00076,2024-09-01,P004,Support Follow-up,2,Not satisfied with the AeroRun Flex. The price failed within a few days and delivery was delayed.,negative,price,1,10
RV00077,2025-06-21,P002,MarketPulse Store,1,Not satisfied with the SonicWave Lite. The battery failed within a few days and delivery was delayed.,negative,battery,1,15
RV00078,2025-09-05,P003,Marketplace,5,The FitTrack Neo feels reliable and the fitness tracking is excellent. Delivery was quick and I would recommend it.,positive,fitness tracking,1,10
RV00079,2025-09-16,P002,Support Follow-up,1,The SonicWave Lite costs too much for this level of battery. I requested a return.,negative,battery,1,10
RV00080,2024-12-30,P004,Retail Survey,5,The AeroRun Flex feels reliable and the comfort is excellent. Delivery was quick and I would recommend it.,positive,comfort,1,7
RV00081,2024-01-13,P003,Marketplace,3,An ordinary experience with the FitTrack Neo. The fitness tracking is okay for the price.,neutral,fitness tracking,1,0
RV00082,2025-12-18,P003,Retail Survey,5,The FitTrack Neo feels reliable and the battery is excellent. Delivery was quick and I would recommend it.,positive,battery,1,2
RV00083,2024-04-09,P003,MarketPulse Store,3,"I received the FitTrack Neo. It works as described, although the display is neither great nor poor.",neutral,display,1,0
RV00084,2024-03-26,P004,Retail Survey,5,The AeroRun Flex feels reliable and the fit is excellent. Delivery was quick and I would recommend it.,positive,fit,0,0
RV00085,2024-04-21,P004,Retail Survey,5,The AeroRun Flex feels reliable and the sole quality is excellent. Delivery was quick and I would recommend it.,positive,sole quality,1,4
RV00086,2025-12-21,P003,Retail Survey,4,The FitTrack Neo feels reliable and the battery is excellent. Delivery was quick and I would recommend it.,positive,battery,0,10
RV00087,2024-05-10,P004,Retail Survey,1,The AeroRun Flex disappointed me. The price is poor and support took too long to respond.,negative,price,0,5
RV00088,2024-08-07,P004,MarketPulse Store,5,Excellent purchase. The AeroRun Flex has strong fit and arrived in perfect condition.,positive,fit,1,4
RV00089,2024-10-02,P002,Support Follow-up,3,The SonicWave Lite is acceptable. The sound quality is average and delivery took the expected time.,neutral,sound quality,1,5
RV00090,2024-12-19,P002,Support Follow-up,5,Very happy with the SonicWave Lite. The comfort exceeded my expectations and the price feels fair.,positive,comfort,1,4
RV00091,2024-12-10,P003,MarketPulse Store,3,The FitTrack Neo is fine for regular use. The price matches the listed specifications.,neutral,price,1,4
RV00092,2024-05-30,P004,Marketplace,4,Very happy with the AeroRun Flex. The sole quality exceeded my expectations and the price feels fair.,positive,sole quality,0,0
RV00093,2025-10-12,P003,Retail Survey,5,The FitTrack Neo feels reliable and the fitness tracking is excellent. Delivery was quick and I would recommend it.,positive,fitness tracking,1,7
RV00094,2025-04-09,P003,MarketPulse Store,5,The FitTrack Neo feels reliable and the price is excellent. Delivery was quick and I would recommend it.,positive,price,1,4
RV00095,2025-12-24,P004,Support Follow-up,3,An ordinary experience with the AeroRun Flex. The fit is okay for the price.,neutral,fit,0,0
RV00096,2024-10-14,P002,Retail Survey,2,The SonicWave Lite costs too much for this level of comfort. I requested a return.,negative,comfort,0,8
RV00097,2024-03-12,P004,MarketPulse Store,5,The AeroRun Flex feels reliable and the fit is excellent. Delivery was quick and I would recommend it.,positive,fit,1,1
RV00098,2025-05-25,P004,Support Follow-up,4,"I have used the AeroRun Flex for several weeks. Great fit, simple setup, and helpful service.",positive,fit,1,0
RV00099,2025-01-22,P002,Support Follow-up,3,The SonicWave Lite is fine for regular use. The battery matches the listed specifications.,neutral,battery,1,10
RV00100,2025-06-09,P003,Marketplace,1,The FitTrack Neo costs too much for this level of display. I requested a return.,negative,display,0,4
RV00101,2025-10-30,P001,Marketplace,5,Very happy with the PulseBottle Pro. The price exceeded my expectations and the price feels fair.,positive,price,1,9
RV00102,2024-03-12,P001,Support Follow-up,4,Excellent purchase. The PulseBottle Pro has strong build quality and arrived in perfect condition.,positive,build quality,0,6
RV00103,2025-08-05,P002,Retail Survey,5,The SonicWave Lite feels reliable and the battery is excellent. Delivery was quick and I would recommend it.,positive,battery,1,0
RV00104,2025-10-20,P002,Support Follow-up,5,Very happy with the SonicWave Lite. The battery exceeded my expectations and the price feels fair.,positive,battery,1,5
RV00105,2024-01-25,P004,Retail Survey,2,Not satisfied with the AeroRun Flex. The sole quality failed within a few days and delivery was delayed.,negative,sole quality,1,9
RV00106,2025-04-09,P001,MarketPulse Store,3,The PulseBottle Pro is acceptable. The lid seal is average and delivery took the expected time.,neutral,lid seal,1,0
RV00107,2024-06-26,P003,Support Follow-up,5,Excellent purchase. The FitTrack Neo has strong price and arrived in perfect condition.,positive,price,1,0
RV00108,2025-12-07,P001,MarketPulse Store,1,The PulseBottle Pro disappointed me. The build quality is poor and support took too long to respond.,negative,build quality,1,16
RV00109,2025-10-16,P003,MarketPulse Store,1,The FitTrack Neo disappointed me. The display is poor and support took too long to respond.,negative,display,1,0
RV00110,2024-06-19,P004,Marketplace,3,"I received the AeroRun Flex. It works as described, although the sole quality is neither great nor poor.",neutral,sole quality,1,0
RV00111,2024-04-26,P001,Retail Survey,4,Excellent purchase. The PulseBottle Pro has strong build quality and arrived in perfect condition.,positive,build quality,1,7
RV00112,2025-12-01,P004,Marketplace,5,Very happy with the AeroRun Flex. The comfort exceeded my expectations and the price feels fair.,positive,comfort,1,11
RV00113,2025-08-01,P001,MarketPulse Store,4,Excellent purchase. The PulseBottle Pro has strong lid seal and arrived in perfect condition.,positive,lid seal,1,0
RV00114,2024-01-16,P003,Marketplace,5,"I have used the FitTrack Neo for several weeks. Great battery, simple setup, and helpful service.",positive,battery,1,7
RV00115,2024-09-12,P004,Support Follow-up,4,Excellent purchase. The AeroRun Flex has strong comfort and arrived in perfect condition.,positive,comfort,1,7
RV00116,2024-04-14,P002,MarketPulse Store,4,Excellent purchase. The SonicWave Lite has strong sound quality and arrived in perfect condition.,positive,sound quality,1,0
RV00117,2024-06-24,P003,Marketplace,4,Very happy with the FitTrack Neo. The battery exceeded my expectations and the price feels fair.,positive,battery,1,1
RV00118,2025-08-05,P001,Retail Survey,3,"I received the PulseBottle Pro. It works as described, although the temperature retention is neither great nor poor.",neutral,temperature retention,1,6
RV00119,2025-04-09,P004,Marketplace,2,The AeroRun Flex costs too much for this level of price. I requested a return.,negative,price,1,0
RV00120,2024-02-14,P004,Retail Survey,5,"I have used the AeroRun Flex for several weeks. Great sole quality, simple setup, and helpful service.",positive,sole quality,1,0
RV00121,2025-11-22,P003,Marketplace,5,The FitTrack Neo feels reliable and the display is excellent. Delivery was quick and I would recommend it.,positive,display,1,12
RV00122,2025-02-18,P001,MarketPulse Store,5,Very happy with the PulseBottle Pro. The lid seal exceeded my expectations and the price feels fair.,positive,lid seal,1,2
RV00123,2024-10-25,P004,Marketplace,3,An ordinary experience with the AeroRun Flex. The fit is okay for the price.,neutral,fit,0,10
RV00124,2025-05-03,P003,Marketplace,3,An ordinary experience with the FitTrack Neo. The display is okay for the price.,neutral,display,1,0
RV00125,2024-07-11,P003,Retail Survey,5,"I have used the FitTrack Neo for several weeks. Great fitness tracking, simple setup, and helpful service.",positive,fitness tracking,1,12
RV00126,2024-12-02,P002,MarketPulse Store,5,Very happy with the SonicWave Lite. The price exceeded my expectations and the price feels fair.,positive,price,1,6
RV00127,2024-10-28,P004,Marketplace,4,Excellent purchase. The AeroRun Flex has strong fit and arrived in perfect condition.,positive,fit,1,2
RV00128,2024-04-22,P004,Retail Survey,5,"I have used the AeroRun Flex for several weeks. Great fit, simple setup, and helpful service.",positive,fit,0,7
RV00129,2025-05-24,P003,Retail Survey,5,"I have used the FitTrack Neo for several weeks. Great display, simple setup, and helpful service.",positive,display,1,0
RV00130,2024-07-10,P004,MarketPulse Store,3,An ordinary experience with the AeroRun Flex. The comfort is okay for the price.,neutral,comfort,1,2
RV00131,2025-05-05,P002,MarketPulse Store,5,Very happy with the SonicWave Lite. The comfort exceeded my expectations and the price feels fair.,positive,comfort,1,8
RV00132,2024-02-04,P003,Marketplace,5,Excellent purchase. The FitTrack Neo has strong price and arrived in perfect condition.,positive,price,1,11
RV00133,2025-06-18,P003,MarketPulse Store,1,Not satisfied with the FitTrack Neo. The price failed within a few days and delivery was delayed.,negative,price,1,0
RV00134,2024-08-19,P003,Retail Survey,4,Excellent purchase. The FitTrack Neo has strong fitness tracking and arrived in perfect condition.,positive,fitness tracking,1,3
RV00135,2025-11-11,P003,Support Follow-up,3,An ordinary experience with the FitTrack Neo. The battery is okay for the price.,neutral,battery,1,13
RV00136,2025-02-03,P004,Support Follow-up,3,"I received the AeroRun Flex. It works as described, although the sole quality is neither great nor poor.",neutral,sole quality,1,0
RV00137,2024-02-11,P003,MarketPulse Store,3,"I received the FitTrack Neo. It works as described, although the display is neither great nor poor.",neutral,display,1,0
RV00138,2024-10-03,P002,MarketPulse Store,4,Very happy with the SonicWave Lite. The comfort exceeded my expectations and the price feels fair.,positive,comfort,1,0
RV00139,2024-09-23,P003,MarketPulse Store,3,"I received the FitTrack Neo. It works as described, although the price is neither great nor poor.",neutral,price,1,0
RV00140,2025-11-09,P003,MarketPulse Store,3,The FitTrack Neo is fine for regular use. The fitness tracking matches the listed specifications.,neutral,fitness tracking,1,1
RV00141,2024-07-31,P004,Marketplace,3,"I received the AeroRun Flex. It works as described, although the comfort is neither great nor poor.",neutral,comfort,0,6
RV00142,2025-09-29,P001,MarketPulse Store,3,The PulseBottle Pro is fine for regular use. The price matches the listed specifications.,neutral,price,1,0
RV00143,2025-11-12,P004,MarketPulse Store,3,An ordinary experience with the AeroRun Flex. The fit is okay for the price.,neutral,fit,1,9
RV00144,2025-01-30,P004,Marketplace,4,Excellent purchase. The AeroRun Flex has strong price and arrived in perfect condition.,positive,price,1,0
RV00145,2025-04-06,P004,MarketPulse Store,5,The AeroRun Flex feels reliable and the price is excellent. Delivery was quick and I would recommend it.,positive,price,0,7
RV00146,2024-04-18,P003,Retail Survey,3,The FitTrack Neo is acceptable. The display is average and delivery took the expected time.,neutral,display,1,2
RV00147,2024-08-30,P004,Marketplace,5,"I have used the AeroRun Flex for several weeks. Great sole quality, simple setup, and helpful service.",positive,sole quality,1,0
RV00148,2024-09-12,P003,Marketplace,4,The FitTrack Neo feels reliable and the fitness tracking is excellent. Delivery was quick and I would recommend it.,positive,fitness tracking,1,0
RV00149,2025-07-27,P004,MarketPulse Store,2,The AeroRun Flex costs too much for this level of fit. I requested a return.,negative,fit,0,12
RV00150,2024-10-23,P003,Marketplace,3,"I received the FitTrack Neo. It works as described, although the battery is neither great nor poor.",neutral,battery,1,8
RV00151,2024-05-21,P002,Retail Survey,3,An ordinary experience with the SonicWave Lite. The comfort is okay for the price.,neutral,comfort,1,1
RV00152,2025-03-20,P002,Support Follow-up,2,Not satisfied with the SonicWave Lite. The comfort failed within a few days and delivery was delayed.,negative,comfort,0,5
RV00153,2025-02-27,P002,Support Follow-up,5,Excellent purchase. The SonicWave Lite has strong price and arrived in perfect condition.,positive,price,0,6
RV00154,2024-07-06,P002,Support Follow-up,2,Not satisfied with the SonicWave Lite. The battery failed within a few days and delivery was delayed.,negative,battery,0,12
RV00155,2025-03-15,P003,Support Follow-up,2,"Bad experience. The FitTrack Neo has weak battery, confusing setup, and unhelpful service.",negative,battery,1,1
RV00156,2024-10-06,P003,Marketplace,5,"I have used the FitTrack Neo for several weeks. Great battery, simple setup, and helpful service.",positive,battery,1,7
RV00157,2025-09-21,P002,Marketplace,2,The SonicWave Lite disappointed me. The sound quality is poor and support took too long to respond.,negative,sound quality,1,11
RV00158,2024-04-05,P003,Marketplace,3,The FitTrack Neo is acceptable. The battery is average and delivery took the expected time.,neutral,battery,1,1
RV00159,2024-02-22,P004,MarketPulse Store,3,The AeroRun Flex is acceptable. The price is average and delivery took the expected time.,neutral,price,1,7
RV00160,2025-12-04,P004,Marketplace,4,"I have used the AeroRun Flex for several weeks. Great price, simple setup, and helpful service.",positive,price,0,11
RV00161,2024-05-09,P002,Support Follow-up,5,The SonicWave Lite feels reliable and the sound quality is excellent. Delivery was quick and I would recommend it.,positive,sound quality,1,9
RV00162,2024-09-16,P002,Support Follow-up,3,The SonicWave Lite is acceptable. The comfort is average and delivery took the expected time.,neutral,comfort,1,4
RV00163,2024-02-28,P003,MarketPulse Store,2,Not satisfied with the FitTrack Neo. The price failed within a few days and delivery was delayed.,negative,price,1,0
RV00164,2024-03-18,P002,MarketPulse Store,2,"Bad experience. The SonicWave Lite has weak sound quality, confusing setup, and unhelpful service.",negative,sound quality,1,0
RV00165,2025-03-06,P001,Support Follow-up,3,The PulseBottle Pro is fine for regular use. The build quality matches the listed specifications.,neutral,build quality,0,9
RV00166,2025-07-10,P002,MarketPulse Store,4,The SonicWave Lite feels reliable and the battery is excellent. Delivery was quick and I would recommend it.,positive,battery,1,10
RV00167,2025-03-08,P001,Retail Survey,5,Excellent purchase. The PulseBottle Pro has strong temperature retention and arrived in perfect condition.,positive,temperature retention,1,3
RV00168,2024-08-13,P004,Marketplace,5,"I have used the AeroRun Flex for several weeks. Great sole quality, simple setup, and helpful service.",positive,sole quality,1,1
RV00169,2024-05-05,P003,Support Follow-up,3,"I received the FitTrack Neo. It works as described, although the display is neither great nor poor.",neutral,display,1,13
RV00170,2024-11-01,P002,Support Follow-up,5,Excellent purchase. The SonicWave Lite has strong price and arrived in perfect condition.,positive,price,1,9
RV00171,2025-02-01,P003,Marketplace,1,"Bad experience. The FitTrack Neo has weak fitness tracking, confusing setup, and unhelpful service.",negative,fitness tracking,1,10
RV00172,2025-07-22,P002,Marketplace,3,"I received the SonicWave Lite. It works as described, although the battery is neither great nor poor.",neutral,battery,1,10
RV00173,2024-09-14,P002,Retail Survey,3,The SonicWave Lite is acceptable. The battery is average and delivery took the expected time.,neutral,battery,1,0
RV00174,2025-07-09,P002,Marketplace,5,The SonicWave Lite feels reliable and the sound quality is excellent. Delivery was quick and I would recommend it.,positive,sound quality,1,3
RV00175,2025-03-27,P001,Marketplace,3,An ordinary experience with the PulseBottle Pro. The temperature retention is okay for the price.,neutral,temperature retention,1,13
RV00176,2025-02-08,P004,MarketPulse Store,5,The AeroRun Flex feels reliable and the sole quality is excellent. Delivery was quick and I would recommend it.,positive,sole quality,1,12
RV00177,2025-05-06,P002,MarketPulse Store,4,Very happy with the SonicWave Lite. The comfort exceeded my expectations and the price feels fair.,positive,comfort,1,14
RV00178,2024-10-31,P002,Retail Survey,4,"I have used the SonicWave Lite for several weeks. Great price, simple setup, and helpful service.",positive,price,1,13
RV00179,2024-06-26,P004,MarketPulse Store,3,"I received the AeroRun Flex. It works as described, although the comfort is neither great nor poor.",neutral,comfort,0,0
RV00180,2025-10-09,P004,Retail Survey,5,Excellent purchase. The AeroRun Flex has strong fit and arrived in perfect condition.,positive,fit,1,1
RV00181,2025-10-19,P003,Marketplace,3,The FitTrack Neo is acceptable. The battery is average and delivery took the expected time.,neutral,battery,1,8
RV00182,2024-01-29,P002,Marketplace,2,The SonicWave Lite costs too much for this level of sound quality. I requested a return.,negative,sound quality,1,2
RV00183,2024-10-05,P002,Retail Survey,3,The SonicWave Lite is acceptable. The price is average and delivery took the expected time.,neutral,price,1,29
RV00184,2024-01-07,P004,Marketplace,3,The AeroRun Flex is acceptable. The sole quality is average and delivery took the expected time.,neutral,sole quality,1,0
RV00185,2024-07-28,P004,Marketplace,3,"I received the AeroRun Flex. It works as described, although the fit is neither great nor poor.",neutral,fit,1,9
RV00186,2025-08-04,P003,Support Follow-up,1,Not satisfied with the FitTrack Neo. The battery failed within a few days and delivery was delayed.,negative,battery,1,21
RV00187,2024-08-07,P001,MarketPulse Store,2,"Bad experience. The PulseBottle Pro has weak temperature retention, confusing setup, and unhelpful service.",negative,temperature retention,1,4
RV00188,2024-05-02,P002,Retail Survey,5,The SonicWave Lite feels reliable and the price is excellent. Delivery was quick and I would recommend it.,positive,price,1,0
RV00189,2024-07-08,P001,Marketplace,5,Excellent purchase. The PulseBottle Pro has strong lid seal and arrived in perfect condition.,positive,lid seal,0,13
RV00190,2025-12-10,P003,Marketplace,5,Excellent purchase. The FitTrack Neo has strong price and arrived in perfect condition.,positive,price,1,0
RV00191,2024-02-16,P003,Retail Survey,3,"I received the FitTrack Neo. It works as described, although the price is neither great nor poor.",neutral,price,1,13
RV00192,2024-09-02,P003,Marketplace,5,Very happy with the FitTrack Neo. The fitness tracking exceeded my expectations and the price feels fair.,positive,fitness tracking,1,0
RV00193,2024-12-05,P002,Support Follow-up,1,Not satisfied with the SonicWave Lite. The comfort failed within a few days and delivery was delayed.,negative,comfort,1,7
RV00194,2024-04-17,P001,Marketplace,3,An ordinary experience with the PulseBottle Pro. The temperature retention is okay for the price.,neutral,temperature retention,1,0
RV00195,2025-07-31,P003,Marketplace,1,"Bad experience. The FitTrack Neo has weak fitness tracking, confusing setup, and unhelpful service.",negative,fitness tracking,1,7
RV00196,2025-04-15,P002,MarketPulse Store,2,The SonicWave Lite costs too much for this level of comfort. I requested a return.,negative,comfort,1,8
RV00197,2024-10-25,P001,MarketPulse Store,4,"I have used the PulseBottle Pro for several weeks. Great temperature retention, simple setup, and helpful service.",positive,temperature retention,1,15
RV00198,2025-01-28,P003,Support Follow-up,4,The FitTrack Neo feels reliable and the battery is excellent. Delivery was quick and I would recommend it.,positive,battery,1,12
RV00199,2024-07-20,P003,Support Follow-up,5,"I have used the FitTrack Neo for several weeks. Great display, simple setup, and helpful service.",positive,display,1,4
RV00200,2025-08-06,P001,Retail Survey,1,Not satisfied with the PulseBottle Pro. The build quality failed within a few days and delivery was delayed.,negative,build quality,1,0
RV00201,2025-08-09,P001,Retail Survey,1,The PulseBottle Pro costs too much for this level of temperature retention. I requested a return.,negative,temperature retention,1,0
RV00202,2025-08-24,P002,Retail Survey,1,The SonicWave Lite disappointed me. The price is poor and support took too long to respond.,negative,price,1,1
RV00203,2024-06-25,P004,MarketPulse Store,5,Very happy with the AeroRun Flex. The comfort exceeded my expectations and the price feels fair.,positive,comfort,1,12
RV00204,2024-10-21,P003,Marketplace,3,"I received the FitTrack Neo. It works as described, although the price is neither great nor poor.",neutral,price,1,5
RV00205,2025-01-08,P003,Marketplace,4,Very happy with the FitTrack Neo. The display exceeded my expectations and the price feels fair.,positive,display,1,0
RV00206,2024-08-28,P001,Marketplace,5,Excellent purchase. The PulseBottle Pro has strong temperature retention and arrived in perfect condition.,positive,temperature retention,1,0
RV00207,2024-07-15,P002,Marketplace,1,Not satisfied with the SonicWave Lite. The battery failed within a few days and delivery was delayed.,negative,battery,1,2
RV00208,2024-03-07,P004,MarketPulse Store,4,The AeroRun Flex feels reliable and the fit is excellent. Delivery was quick and I would recommend it.,positive,fit,1,1
RV00209,2025-10-08,P004,MarketPulse Store,4,"I have used the AeroRun Flex for several weeks. Great comfort, simple setup, and helpful service.",positive,comfort,1,3
RV00210,2025-05-10,P003,Marketplace,3,The FitTrack Neo is fine for regular use. The display matches the listed specifications.,neutral,display,1,3
RV00211,2025-03-29,P001,Retail Survey,4,"I have used the PulseBottle Pro for several weeks. Great price, simple setup, and helpful service.",positive,price,1,8
RV00212,2025-03-06,P004,Retail Survey,1,"Bad experience. The AeroRun Flex has weak comfort, confusing setup, and unhelpful service.",negative,comfort,1,8
RV00213,2024-09-27,P004,MarketPulse Store,5,Excellent purchase. The AeroRun Flex has strong comfort and arrived in perfect condition.,positive,comfort,1,21
RV00214,2025-09-16,P001,Marketplace,2,"Bad experience. The PulseBottle Pro has weak build quality, confusing setup, and unhelpful service.",negative,build quality,1,7
RV00215,2024-01-07,P002,Support Follow-up,4,The SonicWave Lite feels reliable and the price is excellent. Delivery was quick and I would recommend it.,positive,price,1,1
RV00216,2025-01-11,P002,Marketplace,4,The SonicWave Lite feels reliable and the comfort is excellent. Delivery was quick and I would recommend it.,positive,comfort,1,9
RV00217,2025-05-22,P001,Support Follow-up,5,Excellent purchase. The PulseBottle Pro has strong price and arrived in perfect condition.,positive,price,1,6
RV00218,2025-03-18,P003,Retail Survey,3,An ordinary experience with the FitTrack Neo. The display is okay for the price.,neutral,display,1,0
RV00219,2025-08-28,P003,Marketplace,4,"I have used the FitTrack Neo for several weeks. Great battery, simple setup, and helpful service.",positive,battery,1,6
RV00220,2025-01-27,P001,Support Follow-up,4,The PulseBottle Pro feels reliable and the build quality is excellent. Delivery was quick and I would recommend it.,positive,build quality,1,16
RV00221,2024-06-26,P001,Marketplace,5,The PulseBottle Pro feels reliable and the lid seal is excellent. Delivery was quick and I would recommend it.,positive,lid seal,0,18
RV00222,2025-02-17,P003,MarketPulse Store,5,The FitTrack Neo feels reliable and the fitness tracking is excellent. Delivery was quick and I would recommend it.,positive,fitness tracking,0,10
RV00223,2025-08-11,P003,Retail Survey,4,The FitTrack Neo feels reliable and the display is excellent. Delivery was quick and I would recommend it.,positive,display,1,0
RV00224,2024-02-12,P003,Support Follow-up,5,Very happy with the FitTrack Neo. The battery exceeded my expectations and the price feels fair.,positive,battery,1,0
RV00225,2025-08-06,P003,Retail Survey,5,The FitTrack Neo feels reliable and the display is excellent. Delivery was quick and I would recommend it.,positive,display,1,1
RV00226,2025-01-29,P002,Marketplace,5,Very happy with the SonicWave Lite. The battery exceeded my expectations and the price feels fair.,positive,battery,1,15
RV00227,2025-03-29,P002,Support Follow-up,1,Not satisfied with the SonicWave Lite. The comfort failed within a few days and delivery was delayed.,negative,comfort,1,11
RV00228,2024-05-04,P001,MarketPulse Store,3,An ordinary experience with the PulseBottle Pro. The lid seal is okay for the price.,neutral,lid seal,1,4
RV00229,2024-09-21,P002,Retail Survey,1,Not satisfied with the SonicWave Lite. The sound quality failed within a few days and delivery was delayed.,negative,sound quality,0,17
RV00230,2025-02-20,P003,Support Follow-up,4,Excellent purchase. The FitTrack Neo has strong price and arrived in perfect condition.,positive,price,1,6
RV00231,2025-02-09,P003,Support Follow-up,4,The FitTrack Neo feels reliable and the battery is excellent. Delivery was quick and I would recommend it.,positive,battery,0,12
RV00232,2025-08-27,P003,Support Follow-up,4,Excellent purchase. The FitTrack Neo has strong display and arrived in perfect condition.,positive,display,1,13
RV00233,2025-03-11,P002,Support Follow-up,4,"I have used the SonicWave Lite for several weeks. Great sound quality, simple setup, and helpful service.",positive,sound quality,1,0
RV00234,2025-02-22,P004,Support Follow-up,5,"I have used the AeroRun Flex for several weeks. Great fit, simple setup, and helpful service.",positive,fit,1,0
RV00235,2025-07-14,P004,MarketPulse Store,4,Excellent purchase. The AeroRun Flex has strong sole quality and arrived in perfect condition.,positive,sole quality,1,14
RV00236,2025-10-22,P001,Marketplace,5,"I have used the PulseBottle Pro for several weeks. Great lid seal, simple setup, and helpful service.",positive,lid seal,1,20
RV00237,2024-12-12,P004,Retail Survey,4,Very happy with the AeroRun Flex. The price exceeded my expectations and the price feels fair.,positive,price,1,5
RV00238,2024-08-02,P004,Support Follow-up,5,Excellent purchase. The AeroRun Flex has strong price and arrived in perfect condition.,positive,price,0,0
RV00239,2024-05-05,P001,Retail Survey,3,The PulseBottle Pro is fine for regular use. The temperature retention matches the listed specifications.,neutral,temperature retention,1,0
RV00240,2024-09-11,P003,MarketPulse Store,5,Excellent purchase. The FitTrack Neo has strong price and arrived in perfect condition.,positive,price,0,0
RV00241,2024-09-30,P004,Retail Survey,3,"I received the AeroRun Flex. It works as described, although the comfort is neither great nor poor.",neutral,comfort,1,17
RV00242,2024-09-15,P003,Marketplace,2,The FitTrack Neo costs too much for this level of fitness tracking. I requested a return.,negative,fitness tracking,1,1
RV00243,2025-04-27,P004,Marketplace,4,"I have used the AeroRun Flex for several weeks. Great price, simple setup, and helpful service.",positive,price,1,12
RV00244,2024-08-07,P002,Support Follow-up,1,Not satisfied with the SonicWave Lite. The price failed within a few days and delivery was delayed.,negative,price,0,5
RV00245,2024-07-26,P002,Support Follow-up,4,Excellent purchase. The SonicWave Lite has strong comfort and arrived in perfect condition.,positive,comfort,1,3
RV00246,2024-09-30,P004,Support Follow-up,2,"Bad experience. The AeroRun Flex has weak fit, confusing setup, and unhelpful service.",negative,fit,1,11
RV00247,2025-08-31,P003,Retail Survey,3,The FitTrack Neo is fine for regular use. The display matches the listed specifications.,neutral,display,1,6
RV00248,2025-08-28,P002,MarketPulse Store,3,An ordinary experience with the SonicWave Lite. The price is okay for the price.,neutral,price,1,3
RV00249,2024-08-29,P001,MarketPulse Store,3,The PulseBottle Pro is acceptable. The temperature retention is average and delivery took the expected time.,neutral,temperature retention,1,1
RV00250,2025-10-10,P001,Marketplace,1,"Bad experience. The PulseBottle Pro has weak temperature retention, confusing setup, and unhelpful service.",negative,temperature retention,1,5
RV00251,2024-04-03,P001,Retail Survey,4,Very happy with the PulseBottle Pro. The lid seal exceeded my expectations and the price feels fair.,positive,lid seal,1,7
RV00252,2025-11-22,P002,Marketplace,5,The SonicWave Lite feels reliable and the price is excellent. Delivery was quick and I would recommend it.,positive,price,0,6
RV00253,2025-11-17,P002,Support Follow-up,3,"I received the SonicWave Lite. It works as described, although the comfort is neither great nor poor.",neutral,comfort,0,14
RV00254,2025-11-14,P004,MarketPulse Store,3,"I received the AeroRun Flex. It works as described, although the comfort is neither great nor poor.",neutral,comfort,1,7
RV00255,2025-11-27,P004,Support Follow-up,3,The AeroRun Flex is acceptable. The fit is average and delivery took the expected time.,neutral,fit,1,0
RV00256,2025-11-13,P001,MarketPulse Store,4,"I have used the PulseBottle Pro for several weeks. Great lid seal, simple setup, and helpful service.",positive,lid seal,1,4
RV00257,2025-09-16,P003,Support Follow-up,3,The FitTrack Neo is fine for regular use. The display matches the listed specifications.,neutral,display,1,14
RV00258,2025-03-29,P002,Support Follow-up,4,"I have used the SonicWave Lite for several weeks. Great battery, simple setup, and helpful service.",positive,battery,1,20
RV00259,2025-10-27,P003,Retail Survey,5,"I have used the FitTrack Neo for several weeks. Great fitness tracking, simple setup, and helpful service.",positive,fitness tracking,0,17
RV00260,2024-02-10,P003,Support Follow-up,3,The FitTrack Neo is acceptable. The price is average and delivery took the expected time.,neutral,price,1,0
RV00261,2025-08-06,P004,Marketplace,3,The AeroRun Flex is acceptable. The comfort is average and delivery took the expected time.,neutral,comfort,0,1
RV00262,2025-01-19,P004,MarketPulse Store,3,The AeroRun Flex is fine for regular use. The price matches the listed specifications.,neutral,price,1,7
RV00263,2024-05-08,P002,Retail Survey,4,The SonicWave Lite feels reliable and the comfort is excellent. Delivery was quick and I would recommend it.,positive,comfort,1,0
RV00264,2024-04-09,P001,MarketPulse Store,5,The PulseBottle Pro feels reliable and the price is excellent. Delivery was quick and I would recommend it.,positive,price,1,8
RV00265,2024-02-19,P003,Marketplace,4,The FitTrack Neo feels reliable and the display is excellent. Delivery was quick and I would recommend it.,positive,display,0,4
RV00266,2024-03-31,P001,MarketPulse Store,5,The PulseBottle Pro feels reliable and the build quality is excellent. Delivery was quick and I would recommend it.,positive,build quality,1,23
RV00267,2024-02-24,P001,MarketPulse Store,3,The PulseBottle Pro is acceptable. The lid seal is average and delivery took the expected time.,neutral,lid seal,1,5
RV00268,2024-08-07,P001,Marketplace,4,The PulseBottle Pro feels reliable and the temperature retention is excellent. Delivery was quick and I would recommend it.,positive,temperature retention,1,11
RV00269,2025-02-20,P003,Retail Survey,5,Very happy with the FitTrack Neo. The battery exceeded my expectations and the price feels fair.,positive,battery,1,13
RV00270,2025-03-17,P004,Support Follow-up,5,Very happy with the AeroRun Flex. The fit exceeded my expectations and the price feels fair.,positive,fit,1,0
RV00271,2025-01-01,P003,Retail Survey,1,Not satisfied with the FitTrack Neo. The fitness tracking failed within a few days and delivery was delayed.,negative,fitness tracking,1,0
RV00272,2025-12-05,P004,MarketPulse Store,2,Not satisfied with the AeroRun Flex. The price failed within a few days and delivery was delayed.,negative,price,1,23
RV00273,2024-07-16,P001,Support Follow-up,5,The PulseBottle Pro feels reliable and the build quality is excellent. Delivery was quick and I would recommend it.,positive,build quality,0,13
RV00274,2024-07-08,P003,Support Follow-up,2,Not satisfied with the FitTrack Neo. The battery failed within a few days and delivery was delayed.,negative,battery,0,11
RV00275,2025-12-05,P004,MarketPulse Store,2,The AeroRun Flex disappointed me. The comfort is poor and support took too long to respond.,negative,comfort,1,0
RV00276,2025-11-09,P001,Support Follow-up,1,"Bad experience. The PulseBottle Pro has weak price, confusing setup, and unhelpful service.",negative,price,1,0
RV00277,2024-12-10,P004,Marketplace,2,"Bad experience. The AeroRun Flex has weak fit, confusing setup, and unhelpful service.",negative,fit,1,8
RV00278,2024-08-22,P001,Retail Survey,3,An ordinary experience with the PulseBottle Pro. The price is okay for the price.,neutral,price,0,17
RV00279,2025-04-22,P003,MarketPulse Store,3,An ordinary experience with the FitTrack Neo. The display is okay for the price.,neutral,display,1,3
RV00280,2025-11-05,P001,Retail Survey,5,"I have used the PulseBottle Pro for several weeks. Great price, simple setup, and helpful service.",positive,price,1,6
RV00281,2025-03-30,P003,MarketPulse Store,4,Excellent purchase. The FitTrack Neo has strong battery and arrived in perfect condition.,positive,battery,0,3
RV00282,2025-09-26,P004,MarketPulse Store,1,Not satisfied with the AeroRun Flex. The comfort failed within a few days and delivery was delayed.,negative,comfort,1,18
RV00283,2024-11-20,P003,Marketplace,3,"I received the FitTrack Neo. It works as described, although the fitness tracking is neither great nor poor.",neutral,fitness tracking,1,1
RV00284,2024-07-05,P004,Marketplace,5,Excellent purchase. The AeroRun Flex has strong fit and arrived in perfect condition.,positive,fit,1,9
RV00285,2024-08-27,P002,MarketPulse Store,5,"I have used the SonicWave Lite for several weeks. Great comfort, simple setup, and helpful service.",positive,comfort,1,1
RV00286,2024-07-09,P001,MarketPulse Store,4,Excellent purchase. The PulseBottle Pro has strong temperature retention and arrived in perfect condition.,positive,temperature retention,1,1
RV00287,2024-05-04,P002,Support Follow-up,3,The SonicWave Lite is acceptable. The battery is average and delivery took the expected time.,neutral,battery,0,15
RV00288,2024-08-01,P003,Marketplace,3,"I received the FitTrack Neo. It works as described, although the fitness tracking is neither great nor poor.",neutral,fitness tracking,1,3
RV00289,2025-01-27,P003,MarketPulse Store,3,An ordinary experience with the FitTrack Neo. The price is okay for the price.,neutral,price,1,0
RV00290,2025-01-01,P002,Support Follow-up,5,"I have used the SonicWave Lite for several weeks. Great price, simple setup, and helpful service.",positive,price,1,3
RV00291,2024-09-20,P004,Support Follow-up,4,Excellent purchase. The AeroRun Flex has strong comfort and arrived in perfect condition.,positive,comfort,1,6
RV00292,2025-07-03,P002,Support Follow-up,4,Excellent purchase. The SonicWave Lite has strong price and arrived in perfect condition.,positive,price,1,4
RV00293,2025-07-24,P003,Retail Survey,1,"Bad experience. The FitTrack Neo has weak price, confusing setup, and unhelpful service.",negative,price,1,0
RV00294,2025-01-06,P002,MarketPulse Store,3,The SonicWave Lite is fine for regular use. The battery matches the listed specifications.,neutral,battery,0,10
RV00295,2024-04-30,P003,Marketplace,5,Very happy with the FitTrack Neo. The fitness tracking exceeded my expectations and the price feels fair.,positive,fitness tracking,0,14
RV00296,2025-09-08,P004,Support Follow-up,5,Excellent purchase. The AeroRun Flex has strong price and arrived in perfect condition.,positive,price,1,10
RV00297,2024-05-01,P001,MarketPulse Store,3,"I received the PulseBottle Pro. It works as described, although the build quality is neither great nor poor.",neutral,build quality,1,20
RV00298,2024-09-24,P001,MarketPulse Store,5,The PulseBottle Pro feels reliable and the build quality is excellent. Delivery was quick and I would recommend it.,positive,build quality,1,20
RV00299,2025-09-30,P004,Retail Survey,1,"Bad experience. The AeroRun Flex has weak price, confusing setup, and unhelpful service.",negative,price,1,12
RV00300,2025-03-08,P004,Marketplace,4,"I have used the AeroRun Flex for several weeks. Great comfort, simple setup, and helpful service.",positive,comfort,1,0
RV00301,2024-08-14,P003,Marketplace,4,Excellent purchase. The FitTrack Neo has strong display and arrived in perfect condition.,positive,display,0,13
RV00302,2025-01-31,P003,Support Follow-up,4,Excellent purchase. The FitTrack Neo has strong price and arrived in perfect condition.,positive,price,1,1
RV00303,2024-04-04,P002,MarketPulse Store,4,Excellent purchase. The SonicWave Lite has strong price and arrived in perfect condition.,positive,price,1,0
RV00304,2024-07-22,P001,MarketPulse Store,3,The PulseBottle Pro is acceptable. The price is average and delivery took the expected time.,neutral,price,1,4
RV00305,2025-02-24,P002,Retail Survey,3,"I received the SonicWave Lite. It works as described, although the comfort is neither great nor poor.",neutral,comfort,0,2
RV00306,2024-02-11,P004,Marketplace,2,Not satisfied with the AeroRun Flex. The fit failed within a few days and delivery was delayed.,negative,fit,1,5
RV00307,2025-03-08,P002,Marketplace,1,The SonicWave Lite disappointed me. The battery is poor and support took too long to respond.,negative,battery,1,0
RV00308,2025-04-16,P004,Marketplace,2,The AeroRun Flex disappointed me. The price is poor and support took too long to respond.,negative,price,1,5
RV00309,2025-02-17,P002,Retail Survey,5,Excellent purchase. The SonicWave Lite has strong sound quality and arrived in perfect condition.,positive,sound quality,0,8
RV00310,2025-10-05,P002,Support Follow-up,3,The SonicWave Lite is fine for regular use. The sound quality matches the listed specifications.,neutral,sound quality,1,5
RV00311,2025-03-27,P004,Marketplace,4,"I have used the AeroRun Flex for several weeks. Great comfort, simple setup, and helpful service.",positive,comfort,0,0
RV00312,2025-04-22,P001,MarketPulse Store,4,"I have used the PulseBottle Pro for several weeks. Great temperature retention, simple setup, and helpful service.",positive,temperature retention,1,0
RV00313,2025-11-06,P003,Marketplace,2,The FitTrack Neo costs too much for this level of battery. I requested a return.,negative,battery,1,18
RV00314,2025-02-08,P003,Marketplace,5,Excellent purchase. The FitTrack Neo has strong fitness tracking and arrived in perfect condition.,positive,fitness tracking,1,7
RV00315,2025-05-27,P003,MarketPulse Store,5,"I have used the FitTrack Neo for several weeks. Great fitness tracking, simple setup, and helpful service.",positive,fitness tracking,1,0
RV00316,2024-05-29,P004,Retail Survey,4,Very happy with the AeroRun Flex. The sole quality exceeded my expectations and the price feels fair.,positive,sole quality,0,2
RV00317,2025-01-13,P002,MarketPulse Store,5,The SonicWave Lite feels reliable and the battery is excellent. Delivery was quick and I would recommend it.,positive,battery,1,22
RV00318,2025-01-11,P002,MarketPulse Store,4,Excellent purchase. The SonicWave Lite has strong sound quality and arrived in perfect condition.,positive,sound quality,1,0
RV00319,2025-05-20,P003,Support Follow-up,4,The FitTrack Neo feels reliable and the fitness tracking is excellent. Delivery was quick and I would recommend it.,positive,fitness tracking,1,0
RV00320,2025-06-06,P004,Support Follow-up,1,The AeroRun Flex disappointed me. The price is poor and support took too long to respond.,negative,price,0,14
RV00321,2024-07-09,P004,MarketPulse Store,4,The AeroRun Flex feels reliable and the sole quality is excellent. Delivery was quick and I would recommend it.,positive,sole quality,1,3
RV00322,2024-05-17,P002,Support Follow-up,3,The SonicWave Lite is acceptable. The battery is average and delivery took the expected time.,neutral,battery,1,0
RV00323,2024-11-22,P001,Marketplace,5,Excellent purchase. The PulseBottle Pro has strong price and arrived in perfect condition.,positive,price,0,0
RV00324,2024-10-19,P004,Marketplace,4,Excellent purchase. The AeroRun Flex has strong comfort and arrived in perfect condition.,positive,comfort,1,4
RV00325,2024-03-02,P004,Retail Survey,5,The AeroRun Flex feels reliable and the sole quality is excellent. Delivery was quick and I would recommend it.,positive,sole quality,1,0
RV00326,2024-01-03,P003,Retail Survey,5,Very happy with the FitTrack Neo. The price exceeded my expectations and the price feels fair.,positive,price,1,1
RV00327,2024-04-20,P004,Support Follow-up,5,Very happy with the AeroRun Flex. The fit exceeded my expectations and the price feels fair.,positive,fit,1,0
RV00328,2024-11-10,P001,Marketplace,5,Very happy with the PulseBottle Pro. The temperature retention exceeded my expectations and the price feels fair.,positive,temperature retention,1,21
RV00329,2025-06-19,P001,Retail Survey,1,Not satisfied with the PulseBottle Pro. The build quality failed within a few days and delivery was delayed.,negative,build quality,1,16
RV00330,2025-08-29,P002,Retail Survey,5,"I have used the SonicWave Lite for several weeks. Great price, simple setup, and helpful service.",positive,price,0,0
RV00331,2024-03-20,P004,Retail Survey,5,Excellent purchase. The AeroRun Flex has strong price and arrived in perfect condition.,positive,price,1,11
RV00332,2025-08-05,P003,MarketPulse Store,5,The FitTrack Neo feels reliable and the display is excellent. Delivery was quick and I would recommend it.,positive,display,1,8
RV00333,2024-04-11,P001,Support Follow-up,5,Excellent purchase. The PulseBottle Pro has strong build quality and arrived in perfect condition.,positive,build quality,1,13
RV00334,2025-01-25,P003,Retail Survey,1,The FitTrack Neo disappointed me. The price is poor and support took too long to respond.,negative,price,1,4
RV00335,2025-05-11,P004,Support Follow-up,5,"I have used the AeroRun Flex for several weeks. Great fit, simple setup, and helpful service.",positive,fit,1,4
RV00336,2025-01-18,P003,MarketPulse Store,4,Very happy with the FitTrack Neo. The display exceeded my expectations and the price feels fair.,positive,display,1,5
RV00337,2024-08-03,P003,Marketplace,1,The FitTrack Neo disappointed me. The battery is poor and support took too long to respond.,negative,battery,0,13
RV00338,2024-03-20,P001,Support Follow-up,5,Excellent purchase. The PulseBottle Pro has strong lid seal and arrived in perfect condition.,positive,lid seal,1,7
RV00339,2025-08-07,P003,Support Follow-up,2,Not satisfied with the FitTrack Neo. The fitness tracking failed within a few days and delivery was delayed.,negative,fitness tracking,1,15
RV00340,2025-03-21,P003,Marketplace,3,"I received the FitTrack Neo. It works as described, although the display is neither great nor poor.",neutral,display,1,9
RV00341,2024-10-26,P002,Marketplace,1,"Bad experience. The SonicWave Lite has weak battery, confusing setup, and unhelpful service.",negative,battery,1,0
RV00342,2024-11-25,P002,Support Follow-up,5,Very happy with the SonicWave Lite. The sound quality exceeded my expectations and the price feels fair.,positive,sound quality,1,10
RV00343,2024-02-10,P004,Marketplace,5,Excellent purchase. The AeroRun Flex has strong comfort and arrived in perfect condition.,positive,comfort,1,3
RV00344,2024-12-18,P003,Marketplace,2,"Bad experience. The FitTrack Neo has weak fitness tracking, confusing setup, and unhelpful service.",negative,fitness tracking,1,10
RV00345,2024-06-05,P001,Marketplace,4,"I have used the PulseBottle Pro for several weeks. Great build quality, simple setup, and helpful service.",positive,build quality,1,0
RV00346,2024-07-23,P002,Retail Survey,3,The SonicWave Lite is acceptable. The comfort is average and delivery took the expected time.,neutral,comfort,1,10
RV00347,2025-05-20,P001,Retail Survey,4,Excellent purchase. The PulseBottle Pro has strong temperature retention and arrived in perfect condition.,positive,temperature retention,1,17
RV00348,2025-10-02,P001,MarketPulse Store,3,The PulseBottle Pro is acceptable. The lid seal is average and delivery took the expected time.,neutral,lid seal,1,7
RV00349,2024-10-31,P003,Retail Survey,5,"I have used the FitTrack Neo for several weeks. Great price, simple setup, and helpful service.",positive,price,1,17
RV00350,2024-03-14,P004,Marketplace,5,Very happy with the AeroRun Flex. The sole quality exceeded my expectations and the price feels fair.,positive,sole quality,1,6
RV00351,2025-10-28,P002,Support Follow-up,3,The SonicWave Lite is fine for regular use. The comfort matches the listed specifications.,neutral,comfort,1,1
RV00352,2024-03-01,P002,Marketplace,1,The SonicWave Lite costs too much for this level of battery. I requested a return.,negative,battery,1,0
RV00353,2024-04-15,P002,MarketPulse Store,1,Not satisfied with the SonicWave Lite. The sound quality failed within a few days and delivery was delayed.,negative,sound quality,0,14
RV00354,2024-04-25,P001,Marketplace,5,Very happy with the PulseBottle Pro. The build quality exceeded my expectations and the price feels fair.,positive,build quality,1,0
RV00355,2024-12-17,P003,Retail Survey,4,The FitTrack Neo feels reliable and the price is excellent. Delivery was quick and I would recommend it.,positive,price,1,4
RV00356,2024-03-13,P002,Marketplace,1,The SonicWave Lite costs too much for this level of battery. I requested a return.,negative,battery,1,13
RV00357,2024-04-07,P001,Support Follow-up,3,An ordinary experience with the PulseBottle Pro. The build quality is okay for the price.,neutral,build quality,0,9
RV00358,2024-07-05,P003,Marketplace,3,"I received the FitTrack Neo. It works as described, although the battery is neither great nor poor.",neutral,battery,1,12
RV00359,2025-10-12,P003,MarketPulse Store,4,The FitTrack Neo feels reliable and the display is excellent. Delivery was quick and I would recommend it.,positive,display,1,25
RV00360,2025-11-12,P003,Support Follow-up,2,The FitTrack Neo costs too much for this level of price. I requested a return.,negative,price,1,0
RV00361,2024-04-01,P002,Retail Survey,2,The SonicWave Lite disappointed me. The price is poor and support took too long to respond.,negative,price,1,2
RV00362,2024-07-19,P001,MarketPulse Store,4,"I have used the PulseBottle Pro for several weeks. Great price, simple setup, and helpful service.",positive,price,1,4
RV00363,2025-11-26,P001,MarketPulse Store,5,"I have used the PulseBottle Pro for several weeks. Great build quality, simple setup, and helpful service.",positive,build quality,1,15
RV00364,2024-03-10,P001,Marketplace,4,Excellent purchase. The PulseBottle Pro has strong price and arrived in perfect condition.,positive,price,1,4
RV00365,2024-10-24,P001,MarketPulse Store,5,"I have used the PulseBottle Pro for several weeks. Great lid seal, simple setup, and helpful service.",positive,lid seal,1,0
RV00366,2025-07-12,P003,Support Follow-up,1,"Bad experience. The FitTrack Neo has weak battery, confusing setup, and unhelpful service.",negative,battery,1,5
RV00367,2025-02-12,P002,Marketplace,3,The SonicWave Lite is acceptable. The sound quality is average and delivery took the expected time.,neutral,sound quality,1,12
RV00368,2024-11-08,P004,Support Follow-up,2,Not satisfied with the AeroRun Flex. The sole quality failed within a few days and delivery was delayed.,negative,sole quality,1,4
RV00369,2025-10-26,P004,Support Follow-up,4,"I have used the AeroRun Flex for several weeks. Great price, simple setup, and helpful service.",positive,price,1,14
RV00370,2024-07-25,P003,MarketPulse Store,4,The FitTrack Neo feels reliable and the battery is excellent. Delivery was quick and I would recommend it.,positive,battery,1,4
RV00371,2024-01-27,P004,Support Follow-up,3,"I received the AeroRun Flex. It works as described, although the fit is neither great nor poor.",neutral,fit,0,0
RV00372,2024-11-27,P001,Marketplace,4,The PulseBottle Pro feels reliable and the build quality is excellent. Delivery was quick and I would recommend it.,positive,build quality,1,12
RV00373,2024-01-28,P004,Retail Survey,5,"I have used the AeroRun Flex for several weeks. Great price, simple setup, and helpful service.",positive,price,1,9
RV00374,2024-03-17,P003,Retail Survey,4,"I have used the FitTrack Neo for several weeks. Great fitness tracking, simple setup, and helpful service.",positive,fitness tracking,1,9
RV00375,2025-09-12,P003,Retail Survey,4,Very happy with the FitTrack Neo. The battery exceeded my expectations and the price feels fair.,positive,battery,1,9
RV00376,2025-04-02,P004,Support Follow-up,2,Not satisfied with the AeroRun Flex. The comfort failed within a few days and delivery was delayed.,negative,comfort,1,6
RV00377,2024-01-18,P001,MarketPulse Store,5,"I have used the PulseBottle Pro for several weeks. Great temperature retention, simple setup, and helpful service.",positive,temperature retention,1,0
RV00378,2024-04-14,P002,Support Follow-up,5,Excellent purchase. The SonicWave Lite has strong comfort and arrived in perfect condition.,positive,comfort,0,6
RV00379,2024-03-15,P004,Retail Survey,5,Very happy with the AeroRun Flex. The fit exceeded my expectations and the price feels fair.,positive,fit,1,13
RV00380,2024-01-29,P002,Retail Survey,1,The SonicWave Lite costs too much for this level of comfort. I requested a return.,negative,comfort,1,3
RV00381,2024-05-16,P003,Support Follow-up,1,Not satisfied with the FitTrack Neo. The display failed within a few days and delivery was delayed.,negative,display,0,16
RV00382,2024-10-17,P004,Marketplace,1,The AeroRun Flex disappointed me. The sole quality is poor and support took too long to respond.,negative,sole quality,1,1
RV00383,2024-11-15,P002,Retail Survey,5,"I have used the SonicWave Lite for several weeks. Great battery, simple setup, and helpful service.",positive,battery,1,9
RV00384,2025-10-28,P001,Support Follow-up,5,"I have used the PulseBottle Pro for several weeks. Great temperature retention, simple setup, and helpful service.",positive,temperature retention,1,9
RV00385,2025-02-16,P001,Support Follow-up,5,Very happy with the PulseBottle Pro. The price exceeded my expectations and the price feels fair.,positive,price,1,0
RV00386,2024-05-06,P002,MarketPulse Store,4,Excellent purchase. The SonicWave Lite has strong price and arrived in perfect condition.,positive,price,1,21
RV00387,2024-10-02,P003,Support Follow-up,3,An ordinary experience with the FitTrack Neo. The fitness tracking is okay for the price.,neutral,fitness tracking,1,12
RV00388,2024-01-02,P004,Marketplace,5,Excellent purchase. The AeroRun Flex has strong price and arrived in perfect condition.,positive,price,0,0
RV00389,2024-04-01,P004,Retail Survey,4,The AeroRun Flex feels reliable and the fit is excellent. Delivery was quick and I would recommend it.,positive,fit,1,12
RV00390,2025-08-18,P004,Marketplace,5,Excellent purchase. The AeroRun Flex has strong sole quality and arrived in perfect condition.,positive,sole quality,0,2
RV00391,2024-04-23,P003,Retail Survey,4,The FitTrack Neo feels reliable and the display is excellent. Delivery was quick and I would recommend it.,positive,display,1,4
RV00392,2024-05-15,P001,Retail Survey,5,Excellent purchase. The PulseBottle Pro has strong lid seal and arrived in perfect condition.,positive,lid seal,1,0
RV00393,2024-01-16,P001,Retail Survey,2,The PulseBottle Pro costs too much for this level of build quality. I requested a return.,negative,build quality,1,4
RV00394,2024-11-23,P003,MarketPulse Store,3,The FitTrack Neo is fine for regular use. The battery matches the listed specifications.,neutral,battery,0,13
RV00395,2025-06-08,P001,Retail Survey,5,Excellent purchase. The PulseBottle Pro has strong price and arrived in perfect condition.,positive,price,1,13
RV00396,2024-10-07,P004,MarketPulse Store,5,Very happy with the AeroRun Flex. The comfort exceeded my expectations and the price feels fair.,positive,comfort,1,0
RV00397,2024-02-25,P001,MarketPulse Store,4,"I have used the PulseBottle Pro for several weeks. Great lid seal, simple setup, and helpful service.",positive,lid seal,1,2
RV00398,2024-01-27,P002,Marketplace,1,"Bad experience. The SonicWave Lite has weak comfort, confusing setup, and unhelpful service.",negative,comfort,0,0
RV00399,2024-02-06,P003,MarketPulse Store,4,The FitTrack Neo feels reliable and the battery is excellent. Delivery was quick and I would recommend it.,positive,battery,1,8
RV00400,2025-11-12,P002,Retail Survey,5,Excellent purchase. The SonicWave Lite has strong comfort and arrived in perfect condition.,positive,comfort,1,13
RV00401,2024-01-23,P001,Support Follow-up,4,"I have used the PulseBottle Pro for several weeks. Great price, simple setup, and helpful service.",positive,price,1,9
RV00402,2024-01-20,P002,MarketPulse Store,1,Not satisfied with the SonicWave Lite. The battery failed within a few days and delivery was delayed.,negative,battery,1,3
RV00403,2024-05-19,P001,Marketplace,5,"I have used the PulseBottle Pro for several weeks. Great temperature retention, simple setup, and helpful service.",positive,temperature retention,1,23
RV00404,2025-05-24,P001,Marketplace,1,The PulseBottle Pro disappointed me. The temperature retention is poor and support took too long to respond.,negative,temperature retention,1,20
RV00405,2024-07-13,P002,Marketplace,2,"Bad experience. The SonicWave Lite has weak price, confusing setup, and unhelpful service.",negative,price,1,9
RV00406,2025-08-01,P003,Retail Survey,5,Very happy with the FitTrack Neo. The fitness tracking exceeded my expectations and the price feels fair.,positive,fitness tracking,0,9
RV00407,2024-07-07,P004,Retail Survey,4,"I have used the AeroRun Flex for several weeks. Great sole quality, simple setup, and helpful service.",positive,sole quality,1,2
RV00408,2025-06-22,P002,Support Follow-up,5,The SonicWave Lite feels reliable and the sound quality is excellent. Delivery was quick and I would recommend it.,positive,sound quality,1,9
RV00409,2024-06-19,P004,Support Follow-up,5,The AeroRun Flex feels reliable and the price is excellent. Delivery was quick and I would recommend it.,positive,price,1,8
RV00410,2024-01-20,P002,MarketPulse Store,4,Very happy with the SonicWave Lite. The comfort exceeded my expectations and the price feels fair.,positive,comfort,1,2
RV00411,2025-02-17,P003,Marketplace,4,"I have used the FitTrack Neo for several weeks. Great price, simple setup, and helpful service.",positive,price,1,0
RV00412,2025-03-09,P003,MarketPulse Store,1,The FitTrack Neo costs too much for this level of display. I requested a return.,negative,display,1,6
RV00413,2024-08-08,P002,Marketplace,5,The SonicWave Lite feels reliable and the price is excellent. Delivery was quick and I would recommend it.,positive,price,0,16
RV00414,2025-08-22,P001,MarketPulse Store,5,"I have used the PulseBottle Pro for several weeks. Great temperature retention, simple setup, and helpful service.",positive,temperature retention,1,7
RV00415,2025-01-13,P001,Retail Survey,2,The PulseBottle Pro costs too much for this level of build quality. I requested a return.,negative,build quality,1,14
RV00416,2024-06-01,P001,Retail Survey,5,Very happy with the PulseBottle Pro. The price exceeded my expectations and the price feels fair.,positive,price,1,0
RV00417,2025-08-13,P004,Retail Survey,4,Excellent purchase. The AeroRun Flex has strong comfort and arrived in perfect condition.,positive,comfort,1,0
RV00418,2025-12-19,P003,Support Follow-up,5,Very happy with the FitTrack Neo. The price exceeded my expectations and the price feels fair.,positive,price,1,0
RV00419,2024-08-19,P002,Retail Survey,5,Excellent purchase. The SonicWave Lite has strong battery and arrived in perfect condition.,positive,battery,1,5
RV00420,2024-04-09,P002,MarketPulse Store,5,Excellent purchase. The SonicWave Lite has strong battery and arrived in perfect condition.,positive,battery,1,5
RV00421,2025-11-01,P003,Retail Survey,1,The FitTrack Neo costs too much for this level of price. I requested a return.,negative,price,1,15
RV00422,2025-05-03,P004,Marketplace,2,Not satisfied with the AeroRun Flex. The sole quality failed within a few days and delivery was delayed.,negative,sole quality,1,4
RV00423,2024-12-14,P003,Support Follow-up,5,"I have used the FitTrack Neo for several weeks. Great display, simple setup, and helpful service.",positive,display,1,2
RV00424,2024-02-26,P001,MarketPulse Store,3,The PulseBottle Pro is fine for regular use. The build quality matches the listed specifications.,neutral,build quality,1,13
RV00425,2024-04-12,P003,Marketplace,5,"I have used the FitTrack Neo for several weeks. Great price, simple setup, and helpful service.",positive,price,0,2
RV00426,2025-04-25,P001,Marketplace,5,Excellent purchase. The PulseBottle Pro has strong temperature retention and arrived in perfect condition.,positive,temperature retention,1,0
RV00427,2024-12-09,P004,MarketPulse Store,1,Not satisfied with the AeroRun Flex. The price failed within a few days and delivery was delayed.,negative,price,1,15
RV00428,2025-03-15,P001,Retail Survey,5,The PulseBottle Pro feels reliable and the build quality is excellent. Delivery was quick and I would recommend it.,positive,build quality,1,0
RV00429,2024-05-29,P001,Retail Survey,2,Not satisfied with the PulseBottle Pro. The temperature retention failed within a few days and delivery was delayed.,negative,temperature retention,0,5
RV00430,2024-05-29,P001,Support Follow-up,5,"I have used the PulseBottle Pro for several weeks. Great price, simple setup, and helpful service.",positive,price,1,12
RV00431,2024-09-19,P003,Marketplace,2,"Bad experience. The FitTrack Neo has weak battery, confusing setup, and unhelpful service.",negative,battery,1,0
RV00432,2024-07-04,P004,Support Follow-up,4,Excellent purchase. The AeroRun Flex has strong comfort and arrived in perfect condition.,positive,comfort,0,4
RV00433,2024-12-19,P001,Support Follow-up,4,Very happy with the PulseBottle Pro. The lid seal exceeded my expectations and the price feels fair.,positive,lid seal,1,3
RV00434,2024-11-20,P001,Marketplace,1,The PulseBottle Pro costs too much for this level of temperature retention. I requested a return.,negative,temperature retention,1,14
RV00435,2024-11-04,P001,Retail Survey,4,Excellent purchase. The PulseBottle Pro has strong temperature retention and arrived in perfect condition.,positive,temperature retention,1,4
RV00436,2024-04-18,P002,MarketPulse Store,5,Excellent purchase. The SonicWave Lite has strong battery and arrived in perfect condition.,positive,battery,1,14
RV00437,2025-12-10,P001,MarketPulse Store,3,The PulseBottle Pro is acceptable. The lid seal is average and delivery took the expected time.,neutral,lid seal,0,5
RV00438,2024-12-18,P003,Support Follow-up,2,The FitTrack Neo disappointed me. The fitness tracking is poor and support took too long to respond.,negative,fitness tracking,1,2
RV00439,2024-10-21,P004,Support Follow-up,4,Very happy with the AeroRun Flex. The comfort exceeded my expectations and the price feels fair.,positive,comfort,1,9
RV00440,2024-08-22,P001,Support Follow-up,3,"I received the PulseBottle Pro. It works as described, although the build quality is neither great nor poor.",neutral,build quality,1,10
RV00441,2024-08-05,P004,Retail Survey,4,The AeroRun Flex feels reliable and the price is excellent. Delivery was quick and I would recommend it.,positive,price,1,8
RV00442,2025-05-16,P002,Marketplace,5,Excellent purchase. The SonicWave Lite has strong comfort and arrived in perfect condition.,positive,comfort,1,21
RV00443,2025-03-27,P001,MarketPulse Store,5,The PulseBottle Pro feels reliable and the temperature retention is excellent. Delivery was quick and I would recommend it.,positive,temperature retention,1,12
RV00444,2024-07-08,P002,Support Follow-up,5,Very happy with the SonicWave Lite. The price exceeded my expectations and the price feels fair.,positive,price,1,11
RV00445,2024-09-26,P004,Retail Survey,5,Very happy with the AeroRun Flex. The sole quality exceeded my expectations and the price feels fair.,positive,sole quality,1,5
RV00446,2025-05-20,P002,MarketPulse Store,4,The SonicWave Lite feels reliable and the comfort is excellent. Delivery was quick and I would recommend it.,positive,comfort,1,3
RV00447,2025-06-27,P004,MarketPulse Store,5,The AeroRun Flex feels reliable and the comfort is excellent. Delivery was quick and I would recommend it.,positive,comfort,1,13
RV00448,2024-06-04,P003,Support Follow-up,2,Not satisfied with the FitTrack Neo. The battery failed within a few days and delivery was delayed.,negative,battery,1,12
RV00449,2024-05-13,P004,Support Follow-up,4,The AeroRun Flex feels reliable and the fit is excellent. Delivery was quick and I would recommend it.,positive,fit,1,0
RV00450,2025-12-01,P004,Support Follow-up,2,The AeroRun Flex costs too much for this level of price. I requested a return.,negative,price,1,14
RV00451,2025-04-02,P003,Support Follow-up,3,An ordinary experience with the FitTrack Neo. The battery is okay for the price.,neutral,battery,1,10
RV00452,2025-07-17,P002,MarketPulse Store,5,Excellent purchase. The SonicWave Lite has strong comfort and arrived in perfect condition.,positive,comfort,1,16
RV00453,2024-02-11,P004,Support Follow-up,5,Excellent purchase. The AeroRun Flex has strong sole quality and arrived in perfect condition.,positive,sole quality,1,2
RV00454,2024-08-29,P002,Support Follow-up,3,The SonicWave Lite is acceptable. The sound quality is average and delivery took the expected time.,neutral,sound quality,1,22
RV00455,2024-02-23,P001,Marketplace,3,"I received the PulseBottle Pro. It works as described, although the temperature retention is neither great nor poor.",neutral,temperature retention,1,11
RV00456,2025-12-02,P002,Support Follow-up,4,Excellent purchase. The SonicWave Lite has strong comfort and arrived in perfect condition.,positive,comfort,1,0
RV00457,2024-11-04,P004,MarketPulse Store,5,Excellent purchase. The AeroRun Flex has strong comfort and arrived in perfect condition.,positive,comfort,1,3
RV00458,2024-05-14,P003,Retail Survey,1,The FitTrack Neo costs too much for this level of price. I requested a return.,negative,price,1,9
RV00459,2025-12-10,P001,Support Follow-up,2,"Bad experience. The PulseBottle Pro has weak lid seal, confusing setup, and unhelpful service.",negative,lid seal,1,7
RV00460,2025-01-10,P003,Retail Survey,3,An ordinary experience with the FitTrack Neo. The display is okay for the price.,neutral,display,1,15
RV00461,2024-10-14,P002,Retail Survey,5,Excellent purchase. The SonicWave Lite has strong sound quality and arrived in perfect condition.,positive,sound quality,1,4
RV00462,2025-04-21,P001,Marketplace,3,The PulseBottle Pro is acceptable. The temperature retention is average and delivery took the expected time.,neutral,temperature retention,1,6
RV00463,2024-10-08,P001,MarketPulse Store,3,The PulseBottle Pro is fine for regular use. The lid seal matches the listed specifications.,neutral,lid seal,1,13
RV00464,2025-10-29,P003,Marketplace,5,Very happy with the FitTrack Neo. The price exceeded my expectations and the price feels fair.,positive,price,1,0
RV00465,2024-08-22,P001,Marketplace,4,Very happy with the PulseBottle Pro. The lid seal exceeded my expectations and the price feels fair.,positive,lid seal,1,3
RV00466,2024-06-27,P002,Retail Survey,2,Not satisfied with the SonicWave Lite. The battery failed within a few days and delivery was delayed.,negative,battery,1,5
RV00467,2024-05-19,P004,Marketplace,5,The AeroRun Flex feels reliable and the price is excellent. Delivery was quick and I would recommend it.,positive,price,0,6
RV00468,2025-01-28,P002,Marketplace,4,Very happy with the SonicWave Lite. The comfort exceeded my expectations and the price feels fair.,positive,comfort,1,4
RV00469,2024-11-05,P003,Retail Survey,5,Very happy with the FitTrack Neo. The fitness tracking exceeded my expectations and the price feels fair.,positive,fitness tracking,0,11
RV00470,2024-05-12,P002,Support Follow-up,3,An ordinary experience with the SonicWave Lite. The battery is okay for the price.,neutral,battery,1,3
RV00471,2024-08-14,P003,Marketplace,3,"I received the FitTrack Neo. It works as described, although the price is neither great nor poor.",neutral,price,1,1
RV00472,2024-03-23,P001,Support Follow-up,4,The PulseBottle Pro feels reliable and the build quality is excellent. Delivery was quick and I would recommend it.,positive,build quality,1,16
RV00473,2024-06-17,P004,MarketPulse Store,1,Not satisfied with the AeroRun Flex. The comfort failed within a few days and delivery was delayed.,negative,comfort,1,0
RV00474,2024-07-29,P004,MarketPulse Store,2,The AeroRun Flex costs too much for this level of sole quality. I requested a return.,negative,sole quality,1,14
RV00475,2025-03-19,P004,MarketPulse Store,4,The AeroRun Flex feels reliable and the comfort is excellent. Delivery was quick and I would recommend it.,positive,comfort,1,2
RV00476,2025-05-23,P004,MarketPulse Store,3,The AeroRun Flex is fine for regular use. The price matches the listed specifications.,neutral,price,1,6
RV00477,2025-08-18,P002,Retail Survey,5,Excellent purchase. The SonicWave Lite has strong price and arrived in perfect condition.,positive,price,1,5
RV00478,2025-06-15,P001,Retail Survey,3,The PulseBottle Pro is fine for regular use. The build quality matches the listed specifications.,neutral,build quality,1,5
RV00479,2025-07-08,P003,MarketPulse Store,4,Very happy with the FitTrack Neo. The display exceeded my expectations and the price feels fair.,positive,display,1,10
RV00480,2024-12-27,P004,MarketPulse Store,3,"I received the AeroRun Flex. It works as described, although the price is neither great nor poor.",neutral,price,1,12
RV00481,2025-06-23,P003,MarketPulse Store,4,"I have used the FitTrack Neo for several weeks. Great price, simple setup, and helpful service.",positive,price,1,0
RV00482,2024-11-17,P003,Marketplace,3,The FitTrack Neo is acceptable. The fitness tracking is average and delivery took the expected time.,neutral,fitness tracking,0,16
RV00483,2025-11-07,P002,Support Follow-up,4,The SonicWave Lite feels reliable and the price is excellent. Delivery was quick and I would recommend it.,positive,price,1,0
RV00484,2025-12-09,P003,Marketplace,5,"I have used the FitTrack Neo for several weeks. Great battery, simple setup, and helpful service.",positive,battery,1,5
RV00485,2024-09-27,P001,Support Follow-up,1,The PulseBottle Pro disappointed me. The price is poor and support took too long to respond.,negative,price,1,7
RV00486,2025-09-08,P001,MarketPulse Store,3,The PulseBottle Pro is fine for regular use. The price matches the listed specifications.,neutral,price,0,5
RV00487,2024-08-22,P003,Marketplace,3,The FitTrack Neo is acceptable. The battery is average and delivery took the expected time.,neutral,battery,1,2
RV00488,2025-01-27,P001,Retail Survey,3,An ordinary experience with the PulseBottle Pro. The lid seal is okay for the price.,neutral,lid seal,1,5
RV00489,2024-12-11,P003,Marketplace,5,The FitTrack Neo feels reliable and the price is excellent. Delivery was quick and I would recommend it.,positive,price,1,8
RV00490,2024-03-23,P001,Retail Survey,2,The PulseBottle Pro costs too much for this level of build quality. I requested a return.,negative,build quality,1,4
RV00491,2025-03-15,P002,Retail Survey,3,The SonicWave Lite is acceptable. The comfort is average and delivery took the expected time.,neutral,comfort,1,16
RV00492,2025-09-18,P001,Support Follow-up,3,The PulseBottle Pro is acceptable. The lid seal is average and delivery took the expected time.,neutral,lid seal,1,7
RV00493,2024-09-10,P001,Support Follow-up,5,"I have used the PulseBottle Pro for several weeks. Great build quality, simple setup, and helpful service.",positive,build quality,1,13
RV00494,2025-10-02,P001,Support Follow-up,4,Very happy with the PulseBottle Pro. The lid seal exceeded my expectations and the price feels fair.,positive,lid seal,1,0
RV00495,2024-12-29,P001,Retail Survey,2,The PulseBottle Pro disappointed me. The price is poor and support took too long to respond.,negative,price,1,7
RV00496,2024-06-25,P003,MarketPulse Store,5,Excellent purchase. The FitTrack Neo has strong battery and arrived in perfect condition.,positive,battery,1,0
RV00497,2025-10-30,P001,Support Follow-up,4,The PulseBottle Pro feels reliable and the temperature retention is excellent. Delivery was quick and I would recommend it.,positive,temperature retention,0,0
RV00498,2025-07-29,P001,MarketPulse Store,1,The PulseBottle Pro costs too much for this level of price. I requested a return.,negative,price,1,16
RV00499,2025-03-08,P004,MarketPulse Store,3,The AeroRun Flex is fine for regular use. The sole quality matches the listed specifications.,neutral,sole quality,1,14
RV00500,2024-01-14,P003,Retail Survey,4,Excellent purchase. The FitTrack Neo has strong price and arrived in perfect condition.,positive,price,1,17
RV00501,2025-06-13,P002,MarketPulse Store,5,Excellent purchase. The SonicWave Lite has strong comfort and arrived in perfect condition.,positive,comfort,0,1
RV00502,2025-04-20,P001,Marketplace,5,The PulseBottle Pro feels reliable and the price is excellent. Delivery was quick and I would recommend it.,positive,price,1,12
RV00503,2025-10-03,P003,Retail Survey,3,An ordinary experience with the FitTrack Neo. The fitness tracking is okay for the price.,neutral,fitness tracking,1,6
RV00504,2025-02-27,P003,Support Follow-up,1,The FitTrack Neo costs too much for this level of display. I requested a return.,negative,display,1,0
RV00505,2024-01-17,P001,Marketplace,5,Excellent purchase. The PulseBottle Pro has strong price and arrived in perfect condition.,positive,price,1,0
RV00506,2024-01-14,P002,Marketplace,3,"I received the SonicWave Lite. It works as described, although the price is neither great nor poor.",neutral,price,1,4
RV00507,2025-07-11,P002,MarketPulse Store,4,Very happy with the SonicWave Lite. The price exceeded my expectations and the price feels fair.,positive,price,1,3
RV00508,2025-02-21,P001,Support Follow-up,3,An ordinary experience with the PulseBottle Pro. The build quality is okay for the price.,neutral,build quality,1,2
RV00509,2025-04-02,P001,Marketplace,4,The PulseBottle Pro feels reliable and the build quality is excellent. Delivery was quick and I would recommend it.,positive,build quality,1,6
RV00510,2025-06-20,P004,Support Follow-up,5,"I have used the AeroRun Flex for several weeks. Great comfort, simple setup, and helpful service.",positive,comfort,1,3
RV00511,2025-10-19,P003,Support Follow-up,4,Very happy with the FitTrack Neo. The display exceeded my expectations and the price feels fair.,positive,display,1,0
RV00512,2025-02-08,P003,Support Follow-up,3,The FitTrack Neo is fine for regular use. The fitness tracking matches the listed specifications.,neutral,fitness tracking,1,12
RV00513,2024-11-14,P002,Support Follow-up,4,Very happy with the SonicWave Lite. The comfort exceeded my expectations and the price feels fair.,positive,comfort,1,9
RV00514,2025-07-03,P001,MarketPulse Store,3,The PulseBottle Pro is acceptable. The lid seal is average and delivery took the expected time.,neutral,lid seal,1,0
RV00515,2024-11-13,P003,MarketPulse Store,5,The FitTrack Neo feels reliable and the battery is excellent. Delivery was quick and I would recommend it.,positive,battery,1,1
RV00516,2025-12-17,P004,Support Follow-up,4,Excellent purchase. The AeroRun Flex has strong comfort and arrived in perfect condition.,positive,comfort,1,7
RV00517,2024-09-01,P002,MarketPulse Store,4,Very happy with the SonicWave Lite. The price exceeded my expectations and the price feels fair.,positive,price,1,3
RV00518,2024-01-18,P002,Support Follow-up,5,Very happy with the SonicWave Lite. The battery exceeded my expectations and the price feels fair.,positive,battery,0,17
RV00519,2024-10-01,P002,Retail Survey,4,Very happy with the SonicWave Lite. The price exceeded my expectations and the price feels fair.,positive,price,0,8
RV00520,2024-09-11,P003,MarketPulse Store,4,"I have used the FitTrack Neo for several weeks. Great price, simple setup, and helpful service.",positive,price,1,16
RV00521,2024-03-10,P002,Retail Survey,2,"Bad experience. The SonicWave Lite has weak sound quality, confusing setup, and unhelpful service.",negative,sound quality,1,13
RV00522,2024-07-22,P003,Marketplace,4,"I have used the FitTrack Neo for several weeks. Great price, simple setup, and helpful service.",positive,price,1,5
RV00523,2024-05-28,P004,Support Follow-up,4,"I have used the AeroRun Flex for several weeks. Great sole quality, simple setup, and helpful service.",positive,sole quality,1,8
RV00524,2025-07-10,P003,Retail Survey,5,"I have used the FitTrack Neo for several weeks. Great fitness tracking, simple setup, and helpful service.",positive,fitness tracking,1,10
RV00525,2025-10-02,P001,MarketPulse Store,3,The PulseBottle Pro is acceptable. The temperature retention is average and delivery took the expected time.,neutral,temperature retention,1,1
RV00526,2025-12-09,P004,Support Follow-up,1,The AeroRun Flex costs too much for this level of comfort. I requested a return.,negative,comfort,1,2
RV00527,2025-06-15,P002,Marketplace,5,"I have used the SonicWave Lite for several weeks. Great sound quality, simple setup, and helpful service.",positive,sound quality,1,14
RV00528,2025-11-14,P004,Support Follow-up,3,The AeroRun Flex is fine for regular use. The sole quality matches the listed specifications.,neutral,sole quality,0,3
RV00529,2024-05-26,P003,MarketPulse Store,4,Excellent purchase. The FitTrack Neo has strong display and arrived in perfect condition.,positive,display,1,3
RV00530,2024-10-05,P003,Marketplace,1,The FitTrack Neo costs too much for this level of fitness tracking. I requested a return.,negative,fitness tracking,1,0
RV00531,2025-05-02,P002,Retail Survey,5,Excellent purchase. The SonicWave Lite has strong sound quality and arrived in perfect condition.,positive,sound quality,0,5
RV00532,2024-12-23,P003,Retail Survey,2,"Bad experience. The FitTrack Neo has weak price, confusing setup, and unhelpful service.",negative,price,1,13
RV00533,2025-03-28,P001,Support Follow-up,3,The PulseBottle Pro is fine for regular use. The temperature retention matches the listed specifications.,neutral,temperature retention,1,8
RV00534,2024-11-05,P004,MarketPulse Store,4,"I have used the AeroRun Flex for several weeks. Great comfort, simple setup, and helpful service.",positive,comfort,1,1
RV00535,2024-09-24,P001,Retail Survey,3,"I received the PulseBottle Pro. It works as described, although the temperature retention is neither great nor poor.",neutral,temperature retention,1,0
RV00536,2025-06-27,P004,MarketPulse Store,3,The AeroRun Flex is acceptable. The sole quality is average and delivery took the expected time.,neutral,sole quality,1,0
RV00537,2025-03-29,P001,MarketPulse Store,3,The PulseBottle Pro is acceptable. The build quality is average and delivery took the expected time.,neutral,build quality,1,25
RV00538,2024-01-10,P004,Support Follow-up,5,The AeroRun Flex feels reliable and the price is excellent. Delivery was quick and I would recommend it.,positive,price,1,0
RV00539,2024-08-16,P001,Marketplace,4,The PulseBottle Pro feels reliable and the lid seal is excellent. Delivery was quick and I would recommend it.,positive,lid seal,0,0
RV00540,2025-03-12,P001,MarketPulse Store,5,The PulseBottle Pro feels reliable and the price is excellent. Delivery was quick and I would recommend it.,positive,price,1,10
RV00541,2024-09-26,P002,Support Follow-up,5,Very happy with the SonicWave Lite. The price exceeded my expectations and the price feels fair.,positive,price,1,5
RV00542,2025-03-14,P003,Retail Survey,5,Excellent purchase. The FitTrack Neo has strong fitness tracking and arrived in perfect condition.,positive,fitness tracking,1,18
RV00543,2025-12-10,P004,Support Follow-up,5,"I have used the AeroRun Flex for several weeks. Great sole quality, simple setup, and helpful service.",positive,sole quality,1,10
RV00544,2025-05-20,P004,Marketplace,5,Excellent purchase. The AeroRun Flex has strong sole quality and arrived in perfect condition.,positive,sole quality,1,6
RV00545,2025-08-13,P003,MarketPulse Store,1,"Bad experience. The FitTrack Neo has weak battery, confusing setup, and unhelpful service.",negative,battery,1,16
RV00546,2024-04-26,P002,Retail Survey,5,Excellent purchase. The SonicWave Lite has strong price and arrived in perfect condition.,positive,price,1,12
RV00547,2025-03-02,P001,Retail Survey,2,The PulseBottle Pro disappointed me. The price is poor and support took too long to respond.,negative,price,1,11
RV00548,2025-11-18,P002,MarketPulse Store,5,Excellent purchase. The SonicWave Lite has strong price and arrived in perfect condition.,positive,price,1,10
RV00549,2025-04-10,P004,Support Follow-up,3,An ordinary experience with the AeroRun Flex. The fit is okay for the price.,neutral,fit,1,15
RV00550,2024-07-26,P004,Marketplace,1,The AeroRun Flex disappointed me. The price is poor and support took too long to respond.,negative,price,1,0
RV00551,2024-12-15,P001,Support Follow-up,3,The PulseBottle Pro is acceptable. The temperature retention is average and delivery took the expected time.,neutral,temperature retention,1,1
RV00552,2024-11-28,P001,MarketPulse Store,5,Very happy with the PulseBottle Pro. The price exceeded my expectations and the price feels fair.,positive,price,1,9
RV00553,2025-12-22,P002,Retail Survey,4,The SonicWave Lite feels reliable and the comfort is excellent. Delivery was quick and I would recommend it.,positive,comfort,1,0
RV00554,2025-03-08,P001,Marketplace,2,The PulseBottle Pro disappointed me. The lid seal is poor and support took too long to respond.,negative,lid seal,1,0
RV00555,2025-12-05,P001,Retail Survey,3,An ordinary experience with the PulseBottle Pro. The temperature retention is okay for the price.,neutral,temperature retention,0,3
RV00556,2024-04-09,P003,Support Follow-up,2,The FitTrack Neo disappointed me. The display is poor and support took too long to respond.,negative,display,1,11
RV00557,2024-02-12,P002,MarketPulse Store,4,"I have used the SonicWave Lite for several weeks. Great price, simple setup, and helpful service.",positive,price,1,7
RV00558,2024-07-15,P001,Marketplace,5,Very happy with the PulseBottle Pro. The price exceeded my expectations and the price feels fair.,positive,price,1,5
RV00559,2024-04-04,P002,Retail Survey,4,Excellent purchase. The SonicWave Lite has strong comfort and arrived in perfect condition.,positive,comfort,1,0
RV00560,2025-09-07,P003,Retail Survey,2,The FitTrack Neo disappointed me. The price is poor and support took too long to respond.,negative,price,1,16
RV00561,2025-06-09,P001,MarketPulse Store,1,Not satisfied with the PulseBottle Pro. The price failed within a few days and delivery was delayed.,negative,price,1,1
RV00562,2024-02-25,P004,MarketPulse Store,5,The AeroRun Flex feels reliable and the fit is excellent. Delivery was quick and I would recommend it.,positive,fit,1,18
RV00563,2025-11-10,P004,Marketplace,4,Excellent purchase. The AeroRun Flex has strong comfort and arrived in perfect condition.,positive,comfort,1,7
RV00564,2025-03-17,P001,Marketplace,4,The PulseBottle Pro feels reliable and the price is excellent. Delivery was quick and I would recommend it.,positive,price,1,6
RV00565,2025-04-24,P002,Marketplace,3,The SonicWave Lite is fine for regular use. The battery matches the listed specifications.,neutral,battery,1,0
RV00566,2025-03-12,P001,Support Follow-up,5,Very happy with the PulseBottle Pro. The lid seal exceeded my expectations and the price feels fair.,positive,lid seal,1,0
RV00567,2025-03-26,P001,Support Follow-up,5,"I have used the PulseBottle Pro for several weeks. Great price, simple setup, and helpful service.",positive,price,0,10
RV00568,2025-10-15,P001,Support Follow-up,5,"I have used the PulseBottle Pro for several weeks. Great lid seal, simple setup, and helpful service.",positive,lid seal,0,0
RV00569,2024-06-11,P001,Retail Survey,3,The PulseBottle Pro is acceptable. The temperature retention is average and delivery took the expected time.,neutral,temperature retention,1,14
RV00570,2024-06-10,P001,Retail Survey,3,"I received the PulseBottle Pro. It works as described, although the build quality is neither great nor poor.",neutral,build quality,1,2
RV00571,2025-02-18,P004,Marketplace,4,Excellent purchase. The AeroRun Flex has strong fit and arrived in perfect condition.,positive,fit,1,2
RV00572,2025-08-20,P003,Support Follow-up,2,Not satisfied with the FitTrack Neo. The price failed within a few days and delivery was delayed.,negative,price,1,21
RV00573,2025-05-04,P003,MarketPulse Store,5,Excellent purchase. The FitTrack Neo has strong price and arrived in perfect condition.,positive,price,0,7
RV00574,2025-09-02,P001,Retail Survey,5,"I have used the PulseBottle Pro for several weeks. Great build quality, simple setup, and helpful service.",positive,build quality,1,27
RV00575,2024-08-20,P002,MarketPulse Store,2,The SonicWave Lite costs too much for this level of sound quality. I requested a return.,negative,sound quality,1,0
RV00576,2024-03-04,P004,MarketPulse Store,4,The AeroRun Flex feels reliable and the fit is excellent. Delivery was quick and I would recommend it.,positive,fit,1,3
RV00577,2024-03-24,P003,Marketplace,5,"I have used the FitTrack Neo for several weeks. Great fitness tracking, simple setup, and helpful service.",positive,fitness tracking,0,16
RV00578,2025-08-16,P004,MarketPulse Store,3,An ordinary experience with the AeroRun Flex. The price is okay for the price.,neutral,price,0,6
RV00579,2024-08-26,P004,Marketplace,4,Excellent purchase. The AeroRun Flex has strong fit and arrived in perfect condition.,positive,fit,1,0
RV00580,2024-06-28,P002,Retail Survey,5,Very happy with the SonicWave Lite. The comfort exceeded my expectations and the price feels fair.,positive,comfort,1,20
RV00581,2024-09-14,P002,Marketplace,2,"Bad experience. The SonicWave Lite has weak sound quality, confusing setup, and unhelpful service.",negative,sound quality,1,7
RV00582,2025-12-24,P001,Support Follow-up,3,An ordinary experience with the PulseBottle Pro. The temperature retention is okay for the price.,neutral,temperature retention,1,0
RV00583,2024-07-23,P002,MarketPulse Store,5,Very happy with the SonicWave Lite. The sound quality exceeded my expectations and the price feels fair.,positive,sound quality,1,9
RV00584,2024-11-06,P004,Marketplace,5,The AeroRun Flex feels reliable and the price is excellent. Delivery was quick and I would recommend it.,positive,price,1,1
RV00585,2024-12-12,P001,Support Follow-up,5,The PulseBottle Pro feels reliable and the build quality is excellent. Delivery was quick and I would recommend it.,positive,build quality,1,0
RV00586,2024-06-18,P001,MarketPulse Store,4,"I have used the PulseBottle Pro for several weeks. Great price, simple setup, and helpful service.",positive,price,1,2
RV00587,2024-11-11,P002,MarketPulse Store,1,The SonicWave Lite disappointed me. The sound quality is poor and support took too long to respond.,negative,sound quality,0,5
RV00588,2025-11-23,P004,Support Follow-up,4,The AeroRun Flex feels reliable and the price is excellent. Delivery was quick and I would recommend it.,positive,price,1,6
RV00589,2024-03-27,P001,MarketPulse Store,1,The PulseBottle Pro costs too much for this level of lid seal. I requested a return.,negative,lid seal,1,5
RV00590,2025-07-21,P003,Retail Survey,4,Very happy with the FitTrack Neo. The display exceeded my expectations and the price feels fair.,positive,display,1,5
RV00591,2024-09-15,P002,Support Follow-up,5,Excellent purchase. The SonicWave Lite has strong price and arrived in perfect condition.,positive,price,1,2
RV00592,2024-10-01,P004,Marketplace,3,The AeroRun Flex is fine for regular use. The price matches the listed specifications.,neutral,price,1,2
RV00593,2025-02-25,P004,MarketPulse Store,3,The AeroRun Flex is fine for regular use. The sole quality matches the listed specifications.,neutral,sole quality,1,6
RV00594,2025-01-19,P004,Support Follow-up,5,The AeroRun Flex feels reliable and the comfort is excellent. Delivery was quick and I would recommend it.,positive,comfort,1,4
RV00595,2025-03-12,P003,Marketplace,2,"Bad experience. The FitTrack Neo has weak price, confusing setup, and unhelpful service.",negative,price,1,9
RV00596,2024-02-17,P003,MarketPulse Store,5,Very happy with the FitTrack Neo. The fitness tracking exceeded my expectations and the price feels fair.,positive,fitness tracking,1,12
RV00597,2024-09-14,P002,Retail Survey,3,"I received the SonicWave Lite. It works as described, although the price is neither great nor poor.",neutral,price,1,1
RV00598,2024-04-21,P002,Retail Survey,1,The SonicWave Lite costs too much for this level of price. I requested a return.,negative,price,0,7
RV00599,2025-08-28,P001,Marketplace,4,Excellent purchase. The PulseBottle Pro has strong temperature retention and arrived in perfect condition.,positive,temperature retention,0,19
RV00600,2025-11-07,P002,Support Follow-up,5,Very happy with the SonicWave Lite. The price exceeded my expectations and the price feels fair.,positive,price,1,12
RV00601,2025-02-08,P002,Retail Survey,4,Excellent purchase. The SonicWave Lite has strong price and arrived in perfect condition.,positive,price,1,12
RV00602,2025-01-05,P002,Support Follow-up,2,The SonicWave Lite disappointed me. The price is poor and support took too long to respond.,negative,price,1,0
RV00603,2025-06-07,P001,MarketPulse Store,3,The PulseBottle Pro is fine for regular use. The temperature retention matches the listed specifications.,neutral,temperature retention,1,0
RV00604,2024-09-19,P004,MarketPulse Store,3,The AeroRun Flex is acceptable. The fit is average and delivery took the expected time.,neutral,fit,1,1
RV00605,2025-02-21,P004,MarketPulse Store,4,Very happy with the AeroRun Flex. The sole quality exceeded my expectations and the price feels fair.,positive,sole quality,1,18
RV00606,2024-07-01,P001,Retail Survey,2,Not satisfied with the PulseBottle Pro. The temperature retention failed within a few days and delivery was delayed.,negative,temperature retention,1,8
RV00607,2025-10-01,P002,Marketplace,1,"Bad experience. The SonicWave Lite has weak sound quality, confusing setup, and unhelpful service.",negative,sound quality,1,0
RV00608,2025-03-24,P002,MarketPulse Store,4,The SonicWave Lite feels reliable and the price is excellent. Delivery was quick and I would recommend it.,positive,price,0,10
RV00609,2024-07-26,P004,Marketplace,3,The AeroRun Flex is fine for regular use. The sole quality matches the listed specifications.,neutral,sole quality,1,13
RV00610,2024-02-20,P003,Marketplace,2,"Bad experience. The FitTrack Neo has weak display, confusing setup, and unhelpful service.",negative,display,0,0
RV00611,2024-05-18,P004,Support Follow-up,4,Excellent purchase. The AeroRun Flex has strong fit and arrived in perfect condition.,positive,fit,1,0
RV00612,2024-05-18,P002,Retail Survey,2,"Bad experience. The SonicWave Lite has weak battery, confusing setup, and unhelpful service.",negative,battery,1,0
RV00613,2024-06-20,P002,Marketplace,4,The SonicWave Lite feels reliable and the sound quality is excellent. Delivery was quick and I would recommend it.,positive,sound quality,1,1
RV00614,2024-11-02,P001,MarketPulse Store,4,The PulseBottle Pro feels reliable and the lid seal is excellent. Delivery was quick and I would recommend it.,positive,lid seal,1,7
RV00615,2025-10-23,P001,Marketplace,5,Very happy with the PulseBottle Pro. The price exceeded my expectations and the price feels fair.,positive,price,1,8
RV00616,2024-08-14,P001,Retail Survey,3,"I received the PulseBottle Pro. It works as described, although the build quality is neither great nor poor.",neutral,build quality,1,18
RV00617,2024-08-28,P001,Support Follow-up,3,"I received the PulseBottle Pro. It works as described, although the temperature retention is neither great nor poor.",neutral,temperature retention,1,7
RV00618,2025-09-06,P001,Retail Survey,5,"I have used the PulseBottle Pro for several weeks. Great price, simple setup, and helpful service.",positive,price,1,2
RV00619,2024-03-16,P002,Support Follow-up,5,The SonicWave Lite feels reliable and the battery is excellent. Delivery was quick and I would recommend it.,positive,battery,1,14
RV00620,2024-03-22,P004,Marketplace,2,The AeroRun Flex disappointed me. The sole quality is poor and support took too long to respond.,negative,sole quality,1,10
RV00621,2025-02-21,P002,Support Follow-up,5,The SonicWave Lite feels reliable and the comfort is excellent. Delivery was quick and I would recommend it.,positive,comfort,1,16
RV00622,2025-03-21,P001,Retail Survey,5,Very happy with the PulseBottle Pro. The lid seal exceeded my expectations and the price feels fair.,positive,lid seal,0,7
RV00623,2024-11-17,P001,MarketPulse Store,1,"Bad experience. The PulseBottle Pro has weak price, confusing setup, and unhelpful service.",negative,price,1,15
RV00624,2024-10-06,P002,MarketPulse Store,2,The SonicWave Lite disappointed me. The battery is poor and support took too long to respond.,negative,battery,1,4
RV00625,2025-03-17,P001,Support Follow-up,5,"I have used the PulseBottle Pro for several weeks. Great build quality, simple setup, and helpful service.",positive,build quality,1,6
RV00626,2024-04-28,P001,Retail Survey,5,Very happy with the PulseBottle Pro. The price exceeded my expectations and the price feels fair.,positive,price,0,4
RV00627,2025-02-12,P002,MarketPulse Store,4,Excellent purchase. The SonicWave Lite has strong price and arrived in perfect condition.,positive,price,1,11
RV00628,2025-10-09,P002,Support Follow-up,5,The SonicWave Lite feels reliable and the battery is excellent. Delivery was quick and I would recommend it.,positive,battery,1,9
RV00629,2024-01-17,P004,Support Follow-up,5,The AeroRun Flex feels reliable and the comfort is excellent. Delivery was quick and I would recommend it.,positive,comfort,1,2
RV00630,2024-03-06,P004,MarketPulse Store,3,The AeroRun Flex is fine for regular use. The comfort matches the listed specifications.,neutral,comfort,1,1
RV00631,2024-11-05,P004,Support Follow-up,3,An ordinary experience with the AeroRun Flex. The fit is okay for the price.,neutral,fit,1,0
RV00632,2025-07-29,P002,MarketPulse Store,4,The SonicWave Lite feels reliable and the battery is excellent. Delivery was quick and I would recommend it.,positive,battery,1,9
RV00633,2024-02-13,P004,Support Follow-up,4,The AeroRun Flex feels reliable and the price is excellent. Delivery was quick and I would recommend it.,positive,price,1,11
RV00634,2025-07-17,P004,Retail Survey,1,"Bad experience. The AeroRun Flex has weak fit, confusing setup, and unhelpful service.",negative,fit,1,7
RV00635,2024-01-14,P003,Marketplace,3,An ordinary experience with the FitTrack Neo. The battery is okay for the price.,neutral,battery,1,11
RV00636,2025-03-19,P002,Support Follow-up,5,"I have used the SonicWave Lite for several weeks. Great battery, simple setup, and helpful service.",positive,battery,1,8
RV00637,2024-04-26,P001,MarketPulse Store,5,Very happy with the PulseBottle Pro. The lid seal exceeded my expectations and the price feels fair.,positive,lid seal,1,10
RV00638,2025-11-23,P004,MarketPulse Store,3,The AeroRun Flex is acceptable. The sole quality is average and delivery took the expected time.,neutral,sole quality,1,0
RV00639,2024-04-08,P004,Marketplace,1,"Bad experience. The AeroRun Flex has weak comfort, confusing setup, and unhelpful service.",negative,comfort,1,11
RV00640,2024-12-20,P002,Marketplace,5,Excellent purchase. The SonicWave Lite has strong comfort and arrived in perfect condition.,positive,comfort,1,1
RV00641,2025-11-05,P002,MarketPulse Store,4,"I have used the SonicWave Lite for several weeks. Great price, simple setup, and helpful service.",positive,price,0,20
RV00642,2024-05-15,P003,Marketplace,4,Very happy with the FitTrack Neo. The battery exceeded my expectations and the price feels fair.,positive,battery,1,10
RV00643,2024-02-04,P002,Marketplace,5,"I have used the SonicWave Lite for several weeks. Great comfort, simple setup, and helpful service.",positive,comfort,1,9
RV00644,2025-11-12,P001,Retail Survey,4,"I have used the PulseBottle Pro for several weeks. Great build quality, simple setup, and helpful service.",positive,build quality,1,2
RV00645,2025-12-15,P001,Retail Survey,3,The PulseBottle Pro is acceptable. The lid seal is average and delivery took the expected time.,neutral,lid seal,1,7
RV00646,2024-04-22,P002,MarketPulse Store,3,The SonicWave Lite is acceptable. The sound quality is average and delivery took the expected time.,neutral,sound quality,1,1
RV00647,2024-01-23,P001,Marketplace,3,The PulseBottle Pro is fine for regular use. The temperature retention matches the listed specifications.,neutral,temperature retention,1,7
RV00648,2024-03-10,P001,Support Follow-up,3,"I received the PulseBottle Pro. It works as described, although the price is neither great nor poor.",neutral,price,1,0
RV00649,2024-07-25,P002,MarketPulse Store,4,Very happy with the SonicWave Lite. The price exceeded my expectations and the price feels fair.,positive,price,1,0
RV00650,2024-04-06,P002,MarketPulse Store,3,The SonicWave Lite is acceptable. The battery is average and delivery took the expected time.,neutral,battery,1,8
RV00651,2025-07-18,P003,Marketplace,5,"I have used the FitTrack Neo for several weeks. Great battery, simple setup, and helpful service.",positive,battery,0,13
RV00652,2024-07-28,P004,Support Follow-up,1,"Bad experience. The AeroRun Flex has weak price, confusing setup, and unhelpful service.",negative,price,1,13
RV00653,2024-03-28,P002,MarketPulse Store,1,Not satisfied with the SonicWave Lite. The price failed within a few days and delivery was delayed.,negative,price,1,3
RV00654,2024-02-22,P003,Retail Survey,3,The FitTrack Neo is acceptable. The price is average and delivery took the expected time.,neutral,price,0,6
RV00655,2024-02-02,P002,Marketplace,2,The SonicWave Lite costs too much for this level of sound quality. I requested a return.,negative,sound quality,0,0
RV00656,2025-07-23,P003,Marketplace,5,"I have used the FitTrack Neo for several weeks. Great display, simple setup, and helpful service.",positive,display,1,11
RV00657,2025-09-16,P004,Marketplace,1,Not satisfied with the AeroRun Flex. The comfort failed within a few days and delivery was delayed.,negative,comfort,1,0
RV00658,2025-05-07,P002,MarketPulse Store,3,The SonicWave Lite is fine for regular use. The price matches the listed specifications.,neutral,price,1,1
RV00659,2024-07-09,P001,Retail Survey,4,Very happy with the PulseBottle Pro. The price exceeded my expectations and the price feels fair.,positive,price,1,8
RV00660,2024-02-22,P003,Retail Survey,5,Excellent purchase. The FitTrack Neo has strong display and arrived in perfect condition.,positive,display,0,7
RV00661,2024-10-28,P002,MarketPulse Store,5,Very happy with the SonicWave Lite. The price exceeded my expectations and the price feels fair.,positive,price,1,0
RV00662,2025-10-20,P002,Retail Survey,3,The SonicWave Lite is fine for regular use. The comfort matches the listed specifications.,neutral,comfort,1,9
RV00663,2025-05-23,P003,Support Follow-up,1,The FitTrack Neo disappointed me. The display is poor and support took too long to respond.,negative,display,1,7
RV00664,2024-12-30,P003,Support Follow-up,2,Not satisfied with the FitTrack Neo. The price failed within a few days and delivery was delayed.,negative,price,1,4
RV00665,2024-11-19,P002,Support Follow-up,2,The SonicWave Lite disappointed me. The sound quality is poor and support took too long to respond.,negative,sound quality,1,8
RV00666,2025-05-26,P003,Retail Survey,2,The FitTrack Neo costs too much for this level of price. I requested a return.,negative,price,0,0
RV00667,2025-04-29,P002,Marketplace,5,Excellent purchase. The SonicWave Lite has strong comfort and arrived in perfect condition.,positive,comfort,1,0
RV00668,2024-10-07,P004,Retail Survey,3,"I received the AeroRun Flex. It works as described, although the comfort is neither great nor poor.",neutral,comfort,1,4
RV00669,2025-11-16,P002,Retail Survey,5,Very happy with the SonicWave Lite. The comfort exceeded my expectations and the price feels fair.,positive,comfort,1,2
RV00670,2024-08-19,P002,Marketplace,3,The SonicWave Lite is acceptable. The sound quality is average and delivery took the expected time.,neutral,sound quality,1,0
RV00671,2025-01-03,P004,Support Follow-up,1,"Bad experience. The AeroRun Flex has weak sole quality, confusing setup, and unhelpful service.",negative,sole quality,1,7
RV00672,2024-08-22,P003,MarketPulse Store,5,Excellent purchase. The FitTrack Neo has strong price and arrived in perfect condition.,positive,price,0,2
RV00673,2025-12-11,P001,Marketplace,5,Very happy with the PulseBottle Pro. The lid seal exceeded my expectations and the price feels fair.,positive,lid seal,1,7
RV00674,2024-07-10,P001,Support Follow-up,1,The PulseBottle Pro costs too much for this level of temperature retention. I requested a return.,negative,temperature retention,1,9
RV00675,2024-08-10,P002,MarketPulse Store,5,Excellent purchase. The SonicWave Lite has strong comfort and arrived in perfect condition.,positive,comfort,1,18
RV00676,2024-10-21,P004,Marketplace,5,"I have used the AeroRun Flex for several weeks. Great comfort, simple setup, and helpful service.",positive,comfort,1,0
RV00677,2024-03-22,P004,Retail Survey,5,Excellent purchase. The AeroRun Flex has strong price and arrived in perfect condition.,positive,price,1,5
RV00678,2024-05-06,P004,Marketplace,4,Excellent purchase. The AeroRun Flex has strong fit and arrived in perfect condition.,positive,fit,1,0
RV00679,2024-01-31,P003,Marketplace,3,The FitTrack Neo is fine for regular use. The fitness tracking matches the listed specifications.,neutral,fitness tracking,0,6
RV00680,2025-04-13,P004,Support Follow-up,3,An ordinary experience with the AeroRun Flex. The comfort is okay for the price.,neutral,comfort,1,0
RV00681,2024-07-29,P002,Support Follow-up,4,The SonicWave Lite feels reliable and the comfort is excellent. Delivery was quick and I would recommend it.,positive,comfort,1,0
RV00682,2025-12-24,P003,Marketplace,3,"I received the FitTrack Neo. It works as described, although the battery is neither great nor poor.",neutral,battery,1,10
RV00683,2025-06-24,P001,MarketPulse Store,1,The PulseBottle Pro costs too much for this level of lid seal. I requested a return.,negative,lid seal,1,25
RV00684,2024-04-06,P004,MarketPulse Store,3,An ordinary experience with the AeroRun Flex. The fit is okay for the price.,neutral,fit,0,1
RV00685,2025-10-24,P002,Retail Survey,5,Very happy with the SonicWave Lite. The sound quality exceeded my expectations and the price feels fair.,positive,sound quality,0,8
RV00686,2025-08-22,P001,MarketPulse Store,5,"I have used the PulseBottle Pro for several weeks. Great price, simple setup, and helpful service.",positive,price,1,0
RV00687,2024-02-10,P003,Retail Survey,3,The FitTrack Neo is acceptable. The fitness tracking is average and delivery took the expected time.,neutral,fitness tracking,1,7
RV00688,2024-10-27,P003,MarketPulse Store,5,Very happy with the FitTrack Neo. The price exceeded my expectations and the price feels fair.,positive,price,1,5
RV00689,2024-03-08,P003,Support Follow-up,5,Excellent purchase. The FitTrack Neo has strong price and arrived in perfect condition.,positive,price,1,1
RV00690,2024-07-15,P001,Retail Survey,4,"I have used the PulseBottle Pro for several weeks. Great build quality, simple setup, and helpful service.",positive,build quality,0,1
RV00691,2024-08-01,P002,Retail Survey,5,Excellent purchase. The SonicWave Lite has strong battery and arrived in perfect condition.,positive,battery,1,0
RV00692,2024-06-01,P002,MarketPulse Store,3,"I received the SonicWave Lite. It works as described, although the price is neither great nor poor.",neutral,price,1,1
RV00693,2024-09-05,P001,Support Follow-up,5,Very happy with the PulseBottle Pro. The price exceeded my expectations and the price feels fair.,positive,price,1,14
RV00694,2024-11-20,P004,Retail Survey,1,Not satisfied with the AeroRun Flex. The price failed within a few days and delivery was delayed.,negative,price,1,20
RV00695,2024-11-10,P001,MarketPulse Store,1,The PulseBottle Pro costs too much for this level of temperature retention. I requested a return.,negative,temperature retention,1,5
RV00696,2024-04-27,P003,MarketPulse Store,4,Very happy with the FitTrack Neo. The display exceeded my expectations and the price feels fair.,positive,display,1,1
RV00697,2024-01-20,P002,Retail Survey,3,"I received the SonicWave Lite. It works as described, although the price is neither great nor poor.",neutral,price,1,0
RV00698,2025-02-17,P001,Marketplace,5,The PulseBottle Pro feels reliable and the build quality is excellent. Delivery was quick and I would recommend it.,positive,build quality,1,16
RV00699,2025-11-24,P004,Support Follow-up,5,Excellent purchase. The AeroRun Flex has strong price and arrived in perfect condition.,positive,price,1,14
RV00700,2024-08-19,P003,MarketPulse Store,1,The FitTrack Neo costs too much for this level of battery. I requested a return.,negative,battery,1,0
RV00701,2024-07-09,P004,MarketPulse Store,4,"I have used the AeroRun Flex for several weeks. Great price, simple setup, and helpful service.",positive,price,1,11
RV00702,2025-09-21,P003,Marketplace,5,Very happy with the FitTrack Neo. The battery exceeded my expectations and the price feels fair.,positive,battery,1,1
RV00703,2024-02-07,P004,Marketplace,5,Very happy with the AeroRun Flex. The price exceeded my expectations and the price feels fair.,positive,price,1,7
RV00704,2025-06-01,P004,MarketPulse Store,2,The AeroRun Flex disappointed me. The sole quality is poor and support took too long to respond.,negative,sole quality,1,10
RV00705,2025-11-19,P003,MarketPulse Store,5,Very happy with the FitTrack Neo. The display exceeded my expectations and the price feels fair.,positive,display,1,11
RV00706,2025-03-24,P003,Support Follow-up,4,"I have used the FitTrack Neo for several weeks. Great battery, simple setup, and helpful service.",positive,battery,0,0
RV00707,2025-08-24,P001,Marketplace,4,Very happy with the PulseBottle Pro. The lid seal exceeded my expectations and the price feels fair.,positive,lid seal,1,8
RV00708,2025-06-28,P002,Marketplace,4,"I have used the SonicWave Lite for several weeks. Great price, simple setup, and helpful service.",positive,price,1,6
RV00709,2024-09-24,P004,Retail Survey,4,The AeroRun Flex feels reliable and the fit is excellent. Delivery was quick and I would recommend it.,positive,fit,1,1
RV00710,2025-02-05,P004,Support Follow-up,4,"I have used the AeroRun Flex for several weeks. Great sole quality, simple setup, and helpful service.",positive,sole quality,1,2
RV00711,2025-10-17,P001,Marketplace,3,The PulseBottle Pro is fine for regular use. The build quality matches the listed specifications.,neutral,build quality,1,11
RV00712,2024-10-21,P001,MarketPulse Store,3,"I received the PulseBottle Pro. It works as described, although the temperature retention is neither great nor poor.",neutral,temperature retention,1,9
RV00713,2025-06-18,P002,Retail Survey,4,The SonicWave Lite feels reliable and the price is excellent. Delivery was quick and I would recommend it.,positive,price,0,1
RV00714,2024-10-12,P004,Retail Survey,5,Excellent purchase. The AeroRun Flex has strong sole quality and arrived in perfect condition.,positive,sole quality,1,1
RV00715,2025-02-07,P004,Marketplace,5,"I have used the AeroRun Flex for several weeks. Great sole quality, simple setup, and helpful service.",positive,sole quality,0,1
RV00716,2024-05-13,P001,Retail Survey,2,"Bad experience. The PulseBottle Pro has weak price, confusing setup, and unhelpful service.",negative,price,1,2
RV00717,2025-11-25,P002,Retail Survey,5,Excellent purchase. The SonicWave Lite has strong comfort and arrived in perfect condition.,positive,comfort,0,1
RV00718,2025-09-11,P003,Marketplace,1,Not satisfied with the FitTrack Neo. The display failed within a few days and delivery was delayed.,negative,display,1,2
RV00719,2025-05-07,P004,Support Follow-up,1,"Bad experience. The AeroRun Flex has weak fit, confusing setup, and unhelpful service.",negative,fit,1,8
RV00720,2025-05-25,P004,Retail Survey,4,Very happy with the AeroRun Flex. The price exceeded my expectations and the price feels fair.,positive,price,1,0
RV00721,2025-10-28,P004,MarketPulse Store,4,"I have used the AeroRun Flex for several weeks. Great sole quality, simple setup, and helpful service.",positive,sole quality,1,0
RV00722,2024-01-05,P002,MarketPulse Store,4,Excellent purchase. The SonicWave Lite has strong comfort and arrived in perfect condition.,positive,comfort,1,3
RV00723,2025-02-21,P001,Marketplace,5,Very happy with the PulseBottle Pro. The temperature retention exceeded my expectations and the price feels fair.,positive,temperature retention,1,0
RV00724,2025-01-17,P001,Retail Survey,2,The PulseBottle Pro costs too much for this level of price. I requested a return.,negative,price,1,14
RV00725,2025-03-08,P003,Marketplace,1,"Bad experience. The FitTrack Neo has weak fitness tracking, confusing setup, and unhelpful service.",negative,fitness tracking,1,9
RV00726,2024-08-08,P004,Support Follow-up,4,The AeroRun Flex feels reliable and the sole quality is excellent. Delivery was quick and I would recommend it.,positive,sole quality,1,4
RV00727,2024-10-06,P004,Support Follow-up,3,An ordinary experience with the AeroRun Flex. The sole quality is okay for the price.,neutral,sole quality,0,13
RV00728,2024-06-25,P001,Retail Survey,5,The PulseBottle Pro feels reliable and the temperature retention is excellent. Delivery was quick and I would recommend it.,positive,temperature retention,1,3
RV00729,2024-12-27,P003,Retail Survey,4,The FitTrack Neo feels reliable and the price is excellent. Delivery was quick and I would recommend it.,positive,price,1,10
RV00730,2025-05-31,P003,MarketPulse Store,3,The FitTrack Neo is fine for regular use. The fitness tracking matches the listed specifications.,neutral,fitness tracking,1,9
RV00731,2025-12-27,P002,Retail Survey,2,Not satisfied with the SonicWave Lite. The comfort failed within a few days and delivery was delayed.,negative,comfort,1,8
RV00732,2024-04-08,P004,Marketplace,4,Excellent purchase. The AeroRun Flex has strong price and arrived in perfect condition.,positive,price,0,0
RV00733,2025-08-27,P004,Support Follow-up,5,Very happy with the AeroRun Flex. The comfort exceeded my expectations and the price feels fair.,positive,comfort,1,0
RV00734,2024-10-12,P003,Support Follow-up,5,The FitTrack Neo feels reliable and the price is excellent. Delivery was quick and I would recommend it.,positive,price,1,7
RV00735,2024-08-01,P002,Support Follow-up,5,The SonicWave Lite feels reliable and the sound quality is excellent. Delivery was quick and I would recommend it.,positive,sound quality,1,0
RV00736,2025-12-16,P001,Retail Survey,5,Very happy with the PulseBottle Pro. The lid seal exceeded my expectations and the price feels fair.,positive,lid seal,1,13
RV00737,2024-10-03,P004,Marketplace,5,Excellent purchase. The AeroRun Flex has strong comfort and arrived in perfect condition.,positive,comfort,1,4
RV00738,2025-12-01,P003,Support Follow-up,1,The FitTrack Neo costs too much for this level of display. I requested a return.,negative,display,0,9
RV00739,2024-09-23,P001,Support Follow-up,4,The PulseBottle Pro feels reliable and the temperature retention is excellent. Delivery was quick and I would recommend it.,positive,temperature retention,1,3
RV00740,2025-03-20,P004,Retail Survey,3,"I received the AeroRun Flex. It works as described, although the price is neither great nor poor.",neutral,price,1,7
RV00741,2024-10-01,P004,Marketplace,4,The AeroRun Flex feels reliable and the fit is excellent. Delivery was quick and I would recommend it.,positive,fit,1,14
RV00742,2024-11-23,P002,MarketPulse Store,3,"I received the SonicWave Lite. It works as described, although the sound quality is neither great nor poor.",neutral,sound quality,0,20
RV00743,2025-11-20,P004,MarketPulse Store,3,The AeroRun Flex is acceptable. The sole quality is average and delivery took the expected time.,neutral,sole quality,0,14
RV00744,2024-06-26,P004,Marketplace,3,The AeroRun Flex is acceptable. The sole quality is average and delivery took the expected time.,neutral,sole quality,0,6
RV00745,2024-08-13,P002,Support Follow-up,1,The SonicWave Lite disappointed me. The price is poor and support took too long to respond.,negative,price,1,3
RV00746,2025-10-13,P004,Marketplace,5,The AeroRun Flex feels reliable and the comfort is excellent. Delivery was quick and I would recommend it.,positive,comfort,1,0
RV00747,2024-08-06,P001,Marketplace,3,The PulseBottle Pro is fine for regular use. The temperature retention matches the listed specifications.,neutral,temperature retention,0,14
RV00748,2025-09-05,P002,MarketPulse Store,1,Not satisfied with the SonicWave Lite. The comfort failed within a few days and delivery was delayed.,negative,comfort,1,3
RV00749,2025-09-30,P002,Support Follow-up,1,The SonicWave Lite costs too much for this level of battery. I requested a return.,negative,battery,1,9
RV00750,2024-09-07,P003,Support Follow-up,3,"I received the FitTrack Neo. It works as described, although the fitness tracking is neither great nor poor.",neutral,fitness tracking,1,13
RV00751,2025-07-25,P001,MarketPulse Store,2,Not satisfied with the PulseBottle Pro. The lid seal failed within a few days and delivery was delayed.,negative,lid seal,1,0
RV00752,2025-08-09,P001,Marketplace,5,"I have used the PulseBottle Pro for several weeks. Great lid seal, simple setup, and helpful service.",positive,lid seal,1,2
RV00753,2024-06-16,P002,Retail Survey,2,Not satisfied with the SonicWave Lite. The sound quality failed within a few days and delivery was delayed.,negative,sound quality,1,2
RV00754,2024-07-12,P001,Support Follow-up,2,The PulseBottle Pro costs too much for this level of build quality. I requested a return.,negative,build quality,1,10
RV00755,2025-03-14,P001,Retail Survey,4,"I have used the PulseBottle Pro for several weeks. Great temperature retention, simple setup, and helpful service.",positive,temperature retention,1,0
RV00756,2024-06-17,P001,Retail Survey,3,The PulseBottle Pro is acceptable. The build quality is average and delivery took the expected time.,neutral,build quality,1,0
RV00757,2024-10-02,P001,Marketplace,5,Excellent purchase. The PulseBottle Pro has strong build quality and arrived in perfect condition.,positive,build quality,1,0
RV00758,2024-10-06,P001,Marketplace,4,"I have used the PulseBottle Pro for several weeks. Great temperature retention, simple setup, and helpful service.",positive,temperature retention,1,8
RV00759,2024-01-19,P004,Retail Survey,1,"Bad experience. The AeroRun Flex has weak sole quality, confusing setup, and unhelpful service.",negative,sole quality,1,18
RV00760,2025-05-10,P003,MarketPulse Store,3,An ordinary experience with the FitTrack Neo. The fitness tracking is okay for the price.,neutral,fitness tracking,1,17
RV00761,2025-11-23,P003,Marketplace,4,Very happy with the FitTrack Neo. The fitness tracking exceeded my expectations and the price feels fair.,positive,fitness tracking,1,22
RV00762,2025-05-17,P003,Retail Survey,4,Very happy with the FitTrack Neo. The display exceeded my expectations and the price feels fair.,positive,display,0,14
RV00763,2024-11-04,P001,Support Follow-up,2,The PulseBottle Pro costs too much for this level of lid seal. I requested a return.,negative,lid seal,1,0
RV00764,2025-05-19,P004,Support Follow-up,2,The AeroRun Flex costs too much for this level of comfort. I requested a return.,negative,comfort,1,13
RV00765,2024-08-31,P003,MarketPulse Store,3,"I received the FitTrack Neo. It works as described, although the display is neither great nor poor.",neutral,display,0,9
RV00766,2025-05-29,P004,Marketplace,5,The AeroRun Flex feels reliable and the comfort is excellent. Delivery was quick and I would recommend it.,positive,comfort,1,0
RV00767,2024-01-02,P001,Retail Survey,1,Not satisfied with the PulseBottle Pro. The price failed within a few days and delivery was delayed.,negative,price,1,4
RV00768,2024-11-02,P002,Marketplace,5,Very happy with the SonicWave Lite. The price exceeded my expectations and the price feels fair.,positive,price,1,0
RV00769,2025-07-18,P002,MarketPulse Store,5,Very happy with the SonicWave Lite. The battery exceeded my expectations and the price feels fair.,positive,battery,1,6
RV00770,2024-10-19,P003,Support Follow-up,5,"I have used the FitTrack Neo for several weeks. Great battery, simple setup, and helpful service.",positive,battery,1,13
RV00771,2025-06-14,P002,Marketplace,4,"I have used the SonicWave Lite for several weeks. Great sound quality, simple setup, and helpful service.",positive,sound quality,1,8
RV00772,2025-10-28,P001,Retail Survey,4,The PulseBottle Pro feels reliable and the build quality is excellent. Delivery was quick and I would recommend it.,positive,build quality,1,0
RV00773,2025-09-04,P003,Support Follow-up,3,An ordinary experience with the FitTrack Neo. The fitness tracking is okay for the price.,neutral,fitness tracking,1,15
RV00774,2024-07-04,P004,MarketPulse Store,5,Excellent purchase. The AeroRun Flex has strong fit and arrived in perfect condition.,positive,fit,1,17
RV00775,2025-02-15,P003,Support Follow-up,5,The FitTrack Neo feels reliable and the price is excellent. Delivery was quick and I would recommend it.,positive,price,1,13
RV00776,2025-05-14,P001,Retail Survey,4,"I have used the PulseBottle Pro for several weeks. Great temperature retention, simple setup, and helpful service.",positive,temperature retention,1,6
RV00777,2024-09-04,P003,Retail Survey,4,Very happy with the FitTrack Neo. The display exceeded my expectations and the price feels fair.,positive,display,0,10
RV00778,2024-05-27,P002,Marketplace,4,Excellent purchase. The SonicWave Lite has strong sound quality and arrived in perfect condition.,positive,sound quality,0,0
RV00779,2024-01-01,P001,Support Follow-up,5,The PulseBottle Pro feels reliable and the build quality is excellent. Delivery was quick and I would recommend it.,positive,build quality,1,0
RV00780,2024-11-03,P001,MarketPulse Store,3,An ordinary experience with the PulseBottle Pro. The price is okay for the price.,neutral,price,1,13
RV00781,2025-08-22,P002,Marketplace,5,The SonicWave Lite feels reliable and the price is excellent. Delivery was quick and I would recommend it.,positive,price,1,0
RV00782,2025-09-08,P003,Support Follow-up,4,"I have used the FitTrack Neo for several weeks. Great fitness tracking, simple setup, and helpful service.",positive,fitness tracking,1,0
RV00783,2025-12-26,P003,Marketplace,3,The FitTrack Neo is fine for regular use. The battery matches the listed specifications.,neutral,battery,1,15
RV00784,2024-09-11,P004,Marketplace,5,"I have used the AeroRun Flex for several weeks. Great sole quality, simple setup, and helpful service.",positive,sole quality,1,0
RV00785,2025-09-01,P002,Marketplace,5,"I have used the SonicWave Lite for several weeks. Great sound quality, simple setup, and helpful service.",positive,sound quality,1,1
RV00786,2025-05-26,P002,Marketplace,1,Not satisfied with the SonicWave Lite. The sound quality failed within a few days and delivery was delayed.,negative,sound quality,1,3
RV00787,2024-12-03,P003,Marketplace,5,The FitTrack Neo feels reliable and the display is excellent. Delivery was quick and I would recommend it.,positive,display,1,0
RV00788,2025-01-23,P003,Retail Survey,5,The FitTrack Neo feels reliable and the display is excellent. Delivery was quick and I would recommend it.,positive,display,0,0
RV00789,2024-02-19,P002,Marketplace,2,"Bad experience. The SonicWave Lite has weak battery, confusing setup, and unhelpful service.",negative,battery,1,5
RV00790,2025-03-18,P003,Retail Survey,2,"Bad experience. The FitTrack Neo has weak battery, confusing setup, and unhelpful service.",negative,battery,1,9
RV00791,2025-09-16,P001,Support Follow-up,3,The PulseBottle Pro is acceptable. The build quality is average and delivery took the expected time.,neutral,build quality,1,9
RV00792,2025-12-13,P004,Marketplace,5,Excellent purchase. The AeroRun Flex has strong price and arrived in perfect condition.,positive,price,1,11
RV00793,2024-10-10,P004,MarketPulse Store,5,The AeroRun Flex feels reliable and the sole quality is excellent. Delivery was quick and I would recommend it.,positive,sole quality,1,0
RV00794,2024-02-14,P004,Marketplace,2,"Bad experience. The AeroRun Flex has weak sole quality, confusing setup, and unhelpful service.",negative,sole quality,1,0
RV00795,2024-06-12,P004,Retail Survey,5,Excellent purchase. The AeroRun Flex has strong price and arrived in perfect condition.,positive,price,1,0
RV00796,2024-11-21,P003,Support Follow-up,4,Very happy with the FitTrack Neo. The battery exceeded my expectations and the price feels fair.,positive,battery,1,1
RV00797,2024-06-30,P001,Marketplace,3,The PulseBottle Pro is acceptable. The temperature retention is average and delivery took the expected time.,neutral,temperature retention,1,0
RV00798,2024-10-01,P003,Retail Survey,4,Very happy with the FitTrack Neo. The price exceeded my expectations and the price feels fair.,positive,price,1,13
RV00799,2024-05-19,P003,Marketplace,4,The FitTrack Neo feels reliable and the fitness tracking is excellent. Delivery was quick and I would recommend it.,positive,fitness tracking,1,5
RV00800,2025-07-15,P002,Support Follow-up,5,The SonicWave Lite feels reliable and the sound quality is excellent. Delivery was quick and I would recommend it.,positive,sound quality,1,8
RV00801,2025-09-14,P004,Support Follow-up,4,"I have used the AeroRun Flex for several weeks. Great price, simple setup, and helpful service.",positive,price,1,15
RV00802,2024-10-16,P003,Marketplace,4,Very happy with the FitTrack Neo. The price exceeded my expectations and the price feels fair.,positive,price,1,0
RV00803,2024-10-03,P001,Support Follow-up,3,An ordinary experience with the PulseBottle Pro. The price is okay for the price.,neutral,price,1,11
RV00804,2025-05-09,P003,Retail Survey,5,"I have used the FitTrack Neo for several weeks. Great fitness tracking, simple setup, and helpful service.",positive,fitness tracking,0,15
RV00805,2024-03-23,P003,Marketplace,5,Very happy with the FitTrack Neo. The price exceeded my expectations and the price feels fair.,positive,price,1,11
RV00806,2024-02-11,P002,Marketplace,3,The SonicWave Lite is fine for regular use. The sound quality matches the listed specifications.,neutral,sound quality,1,0
RV00807,2025-12-27,P002,Marketplace,5,The SonicWave Lite feels reliable and the comfort is excellent. Delivery was quick and I would recommend it.,positive,comfort,1,10
RV00808,2025-04-05,P001,Support Follow-up,3,The PulseBottle Pro is fine for regular use. The lid seal matches the listed specifications.,neutral,lid seal,1,1
RV00809,2024-12-22,P004,Retail Survey,3,The AeroRun Flex is fine for regular use. The sole quality matches the listed specifications.,neutral,sole quality,1,8
RV00810,2025-07-29,P004,MarketPulse Store,5,The AeroRun Flex feels reliable and the fit is excellent. Delivery was quick and I would recommend it.,positive,fit,1,8
RV00811,2025-11-27,P003,MarketPulse Store,4,Very happy with the FitTrack Neo. The price exceeded my expectations and the price feels fair.,positive,price,1,9
RV00812,2025-09-09,P004,MarketPulse Store,2,"Bad experience. The AeroRun Flex has weak fit, confusing setup, and unhelpful service.",negative,fit,1,16
RV00813,2025-04-05,P002,Retail Survey,3,"I received the SonicWave Lite. It works as described, although the comfort is neither great nor poor.",neutral,comfort,1,1
RV00814,2025-06-21,P003,Retail Survey,5,"I have used the FitTrack Neo for several weeks. Great price, simple setup, and helpful service.",positive,price,1,12
RV00815,2025-01-02,P003,Marketplace,2,The FitTrack Neo costs too much for this level of fitness tracking. I requested a return.,negative,fitness tracking,1,8
RV00816,2025-06-25,P004,Support Follow-up,5,Excellent purchase. The AeroRun Flex has strong sole quality and arrived in perfect condition.,positive,sole quality,1,0
RV00817,2025-08-06,P002,Support Follow-up,4,Very happy with the SonicWave Lite. The comfort exceeded my expectations and the price feels fair.,positive,comfort,1,2
RV00818,2024-02-11,P002,MarketPulse Store,2,The SonicWave Lite costs too much for this level of comfort. I requested a return.,negative,comfort,0,15
RV00819,2024-05-22,P004,Marketplace,2,"Bad experience. The AeroRun Flex has weak comfort, confusing setup, and unhelpful service.",negative,comfort,1,13
RV00820,2024-11-10,P002,Support Follow-up,5,The SonicWave Lite feels reliable and the price is excellent. Delivery was quick and I would recommend it.,positive,price,1,8
RV00821,2025-10-25,P003,Marketplace,5,The FitTrack Neo feels reliable and the price is excellent. Delivery was quick and I would recommend it.,positive,price,1,0
RV00822,2025-01-15,P001,MarketPulse Store,4,"I have used the PulseBottle Pro for several weeks. Great build quality, simple setup, and helpful service.",positive,build quality,1,0
RV00823,2024-10-09,P001,Retail Survey,2,The PulseBottle Pro disappointed me. The price is poor and support took too long to respond.,negative,price,0,5
RV00824,2025-06-07,P001,Marketplace,5,Very happy with the PulseBottle Pro. The price exceeded my expectations and the price feels fair.,positive,price,1,7
RV00825,2024-08-05,P002,Retail Survey,4,Excellent purchase. The SonicWave Lite has strong comfort and arrived in perfect condition.,positive,comfort,1,15
RV00826,2025-10-14,P004,Marketplace,1,The AeroRun Flex disappointed me. The price is poor and support took too long to respond.,negative,price,1,4
RV00827,2024-05-22,P004,Retail Survey,3,The AeroRun Flex is fine for regular use. The price matches the listed specifications.,neutral,price,1,0
RV00828,2025-05-21,P004,Support Follow-up,4,Excellent purchase. The AeroRun Flex has strong comfort and arrived in perfect condition.,positive,comfort,1,0
RV00829,2024-02-23,P001,Retail Survey,5,Very happy with the PulseBottle Pro. The build quality exceeded my expectations and the price feels fair.,positive,build quality,1,3
RV00830,2024-02-03,P002,Retail Survey,5,Excellent purchase. The SonicWave Lite has strong price and arrived in perfect condition.,positive,price,0,9
RV00831,2025-07-25,P003,Retail Survey,1,The FitTrack Neo disappointed me. The fitness tracking is poor and support took too long to respond.,negative,fitness tracking,1,5
RV00832,2024-09-01,P003,Retail Survey,2,Not satisfied with the FitTrack Neo. The fitness tracking failed within a few days and delivery was delayed.,negative,fitness tracking,1,10
RV00833,2025-09-27,P002,Marketplace,5,Excellent purchase. The SonicWave Lite has strong battery and arrived in perfect condition.,positive,battery,1,14
RV00834,2024-04-05,P004,Support Follow-up,1,The AeroRun Flex disappointed me. The comfort is poor and support took too long to respond.,negative,comfort,1,14
RV00835,2025-10-19,P003,Support Follow-up,4,Very happy with the FitTrack Neo. The price exceeded my expectations and the price feels fair.,positive,price,1,17
RV00836,2024-09-15,P001,MarketPulse Store,4,"I have used the PulseBottle Pro for several weeks. Great build quality, simple setup, and helpful service.",positive,build quality,1,1
RV00837,2025-12-27,P004,Marketplace,4,Excellent purchase. The AeroRun Flex has strong sole quality and arrived in perfect condition.,positive,sole quality,0,12
RV00838,2025-04-24,P001,Retail Survey,2,The PulseBottle Pro disappointed me. The lid seal is poor and support took too long to respond.,negative,lid seal,0,15
RV00839,2024-06-18,P001,Support Follow-up,3,An ordinary experience with the PulseBottle Pro. The build quality is okay for the price.,neutral,build quality,1,6
RV00840,2024-01-27,P001,Retail Survey,5,The PulseBottle Pro feels reliable and the temperature retention is excellent. Delivery was quick and I would recommend it.,positive,temperature retention,1,21
RV00841,2024-06-06,P001,MarketPulse Store,3,The PulseBottle Pro is acceptable. The temperature retention is average and delivery took the expected time.,neutral,temperature retention,0,15
RV00842,2025-03-16,P004,MarketPulse Store,2,The AeroRun Flex disappointed me. The comfort is poor and support took too long to respond.,negative,comfort,1,9
RV00843,2024-07-08,P002,Retail Survey,4,"I have used the SonicWave Lite for several weeks. Great sound quality, simple setup, and helpful service.",positive,sound quality,1,10
RV00844,2024-04-12,P003,Support Follow-up,4,Excellent purchase. The FitTrack Neo has strong battery and arrived in perfect condition.,positive,battery,1,11
RV00845,2025-11-16,P004,MarketPulse Store,5,Excellent purchase. The AeroRun Flex has strong fit and arrived in perfect condition.,positive,fit,0,11
RV00846,2024-05-25,P004,Retail Survey,3,"I received the AeroRun Flex. It works as described, although the sole quality is neither great nor poor.",neutral,sole quality,1,0
RV00847,2025-05-19,P004,Retail Survey,4,The AeroRun Flex feels reliable and the sole quality is excellent. Delivery was quick and I would recommend it.,positive,sole quality,1,1
RV00848,2024-08-27,P002,Support Follow-up,3,"I received the SonicWave Lite. It works as described, although the price is neither great nor poor.",neutral,price,1,23
RV00849,2025-09-21,P003,MarketPulse Store,4,The FitTrack Neo feels reliable and the battery is excellent. Delivery was quick and I would recommend it.,positive,battery,1,10
RV00850,2025-04-29,P001,Support Follow-up,5,Excellent purchase. The PulseBottle Pro has strong lid seal and arrived in perfect condition.,positive,lid seal,1,3
RV00851,2025-08-13,P001,MarketPulse Store,5,"I have used the PulseBottle Pro for several weeks. Great price, simple setup, and helpful service.",positive,price,1,3
RV00852,2024-04-14,P004,Marketplace,3,The AeroRun Flex is fine for regular use. The fit matches the listed specifications.,neutral,fit,0,4
RV00853,2025-04-20,P003,Retail Survey,3,An ordinary experience with the FitTrack Neo. The battery is okay for the price.,neutral,battery,1,10
RV00854,2025-12-10,P001,Marketplace,3,The PulseBottle Pro is fine for regular use. The build quality matches the listed specifications.,neutral,build quality,1,0
RV00855,2025-07-15,P002,Support Follow-up,2,Not satisfied with the SonicWave Lite. The comfort failed within a few days and delivery was delayed.,negative,comfort,1,7
RV00856,2025-03-14,P002,MarketPulse Store,2,Not satisfied with the SonicWave Lite. The price failed within a few days and delivery was delayed.,negative,price,1,0
RV00857,2025-01-27,P001,Support Follow-up,3,The PulseBottle Pro is fine for regular use. The lid seal matches the listed specifications.,neutral,lid seal,1,9
RV00858,2025-10-16,P002,Support Follow-up,5,The SonicWave Lite feels reliable and the price is excellent. Delivery was quick and I would recommend it.,positive,price,0,0
RV00859,2024-10-07,P004,Support Follow-up,3,The AeroRun Flex is acceptable. The fit is average and delivery took the expected time.,neutral,fit,1,9
RV00860,2024-04-18,P003,Retail Survey,5,The FitTrack Neo feels reliable and the fitness tracking is excellent. Delivery was quick and I would recommend it.,positive,fitness tracking,1,13
RV00861,2025-07-22,P004,Retail Survey,2,Not satisfied with the AeroRun Flex. The comfort failed within a few days and delivery was delayed.,negative,comfort,1,4
RV00862,2025-04-19,P003,Marketplace,3,The FitTrack Neo is acceptable. The price is average and delivery took the expected time.,neutral,price,1,15
RV00863,2025-10-11,P004,MarketPulse Store,3,The AeroRun Flex is fine for regular use. The price matches the listed specifications.,neutral,price,0,8
RV00864,2024-11-10,P004,MarketPulse Store,4,The AeroRun Flex feels reliable and the price is excellent. Delivery was quick and I would recommend it.,positive,price,1,13
RV00865,2025-05-21,P002,MarketPulse Store,1,Not satisfied with the SonicWave Lite. The price failed within a few days and delivery was delayed.,negative,price,1,2
RV00866,2025-12-20,P003,MarketPulse Store,3,"I received the FitTrack Neo. It works as described, although the battery is neither great nor poor.",neutral,battery,1,0
RV00867,2025-05-13,P003,Support Follow-up,3,An ordinary experience with the FitTrack Neo. The price is okay for the price.,neutral,price,1,8
RV00868,2025-09-20,P003,Marketplace,5,Excellent purchase. The FitTrack Neo has strong price and arrived in perfect condition.,positive,price,1,7
RV00869,2024-09-20,P003,Retail Survey,2,The FitTrack Neo costs too much for this level of price. I requested a return.,negative,price,1,12
RV00870,2025-12-09,P003,MarketPulse Store,5,The FitTrack Neo feels reliable and the price is excellent. Delivery was quick and I would recommend it.,positive,price,1,0
RV00871,2024-09-04,P004,Marketplace,3,An ordinary experience with the AeroRun Flex. The fit is okay for the price.,neutral,fit,1,5
RV00872,2024-05-25,P002,MarketPulse Store,2,The SonicWave Lite disappointed me. The battery is poor and support took too long to respond.,negative,battery,1,0
RV00873,2024-02-17,P003,Marketplace,4,Very happy with the FitTrack Neo. The battery exceeded my expectations and the price feels fair.,positive,battery,1,19
RV00874,2024-02-12,P001,Retail Survey,4,"I have used the PulseBottle Pro for several weeks. Great build quality, simple setup, and helpful service.",positive,build quality,1,3
RV00875,2025-03-16,P002,MarketPulse Store,5,Very happy with the SonicWave Lite. The comfort exceeded my expectations and the price feels fair.,positive,comfort,1,15
RV00876,2025-01-26,P001,Retail Survey,5,Excellent purchase. The PulseBottle Pro has strong lid seal and arrived in perfect condition.,positive,lid seal,1,0
RV00877,2024-12-14,P003,Marketplace,5,Very happy with the FitTrack Neo. The battery exceeded my expectations and the price feels fair.,positive,battery,1,2
RV00878,2024-02-08,P002,Marketplace,4,The SonicWave Lite feels reliable and the battery is excellent. Delivery was quick and I would recommend it.,positive,battery,1,15
RV00879,2025-07-14,P003,MarketPulse Store,5,Excellent purchase. The FitTrack Neo has strong display and arrived in perfect condition.,positive,display,1,13
RV00880,2025-08-18,P003,Support Follow-up,5,Excellent purchase. The FitTrack Neo has strong display and arrived in perfect condition.,positive,display,1,3
RV00881,2025-01-12,P002,Marketplace,4,"I have used the SonicWave Lite for several weeks. Great sound quality, simple setup, and helpful service.",positive,sound quality,0,7
RV00882,2025-09-21,P004,Retail Survey,2,The AeroRun Flex disappointed me. The comfort is poor and support took too long to respond.,negative,comfort,1,8
RV00883,2024-01-03,P002,Marketplace,3,The SonicWave Lite is fine for regular use. The price matches the listed specifications.,neutral,price,1,5
RV00884,2024-02-18,P001,Support Follow-up,4,"I have used the PulseBottle Pro for several weeks. Great temperature retention, simple setup, and helpful service.",positive,temperature retention,1,16
RV00885,2025-09-04,P001,Support Follow-up,2,The PulseBottle Pro costs too much for this level of temperature retention. I requested a return.,negative,temperature retention,1,0
RV00886,2024-10-19,P002,MarketPulse Store,3,An ordinary experience with the SonicWave Lite. The sound quality is okay for the price.,neutral,sound quality,1,0
RV00887,2025-09-07,P001,Support Follow-up,3,The PulseBottle Pro is fine for regular use. The price matches the listed specifications.,neutral,price,1,0
RV00888,2025-11-23,P001,Retail Survey,1,Not satisfied with the PulseBottle Pro. The price failed within a few days and delivery was delayed.,negative,price,1,9
RV00889,2025-12-15,P004,MarketPulse Store,5,Very happy with the AeroRun Flex. The price exceeded my expectations and the price feels fair.,positive,price,1,11
RV00890,2025-08-03,P001,Retail Survey,4,Excellent purchase. The PulseBottle Pro has strong price and arrived in perfect condition.,positive,price,1,11
RV00891,2025-08-11,P003,Marketplace,3,An ordinary experience with the FitTrack Neo. The battery is okay for the price.,neutral,battery,1,11
RV00892,2024-02-25,P004,Support Follow-up,2,Not satisfied with the AeroRun Flex. The price failed within a few days and delivery was delayed.,negative,price,1,12
RV00893,2025-03-29,P001,Marketplace,4,Very happy with the PulseBottle Pro. The price exceeded my expectations and the price feels fair.,positive,price,1,14
RV00894,2024-01-07,P004,Retail Survey,1,"Bad experience. The AeroRun Flex has weak fit, confusing setup, and unhelpful service.",negative,fit,1,13
RV00895,2024-02-06,P004,Marketplace,4,Excellent purchase. The AeroRun Flex has strong sole quality and arrived in perfect condition.,positive,sole quality,1,7
RV00896,2025-07-05,P001,Retail Survey,3,An ordinary experience with the PulseBottle Pro. The build quality is okay for the price.,neutral,build quality,1,0
RV00897,2024-02-18,P001,MarketPulse Store,4,The PulseBottle Pro feels reliable and the price is excellent. Delivery was quick and I would recommend it.,positive,price,1,7
RV00898,2025-06-12,P002,Marketplace,5,The SonicWave Lite feels reliable and the price is excellent. Delivery was quick and I would recommend it.,positive,price,1,9
RV00899,2025-10-14,P001,Support Follow-up,5,"I have used the PulseBottle Pro for several weeks. Great temperature retention, simple setup, and helpful service.",positive,temperature retention,1,7
RV00900,2025-01-22,P001,Support Follow-up,3,An ordinary experience with the PulseBottle Pro. The price is okay for the price.,neutral,price,1,0
RV00901,2025-10-15,P001,Retail Survey,5,The PulseBottle Pro feels reliable and the build quality is excellent. Delivery was quick and I would recommend it.,positive,build quality,0,1
RV00902,2024-04-06,P001,Marketplace,3,An ordinary experience with the PulseBottle Pro. The temperature retention is okay for the price.,neutral,temperature retention,1,8
RV00903,2024-11-19,P004,Support Follow-up,5,"I have used the AeroRun Flex for several weeks. Great sole quality, simple setup, and helpful service.",positive,sole quality,0,14
RV00904,2024-06-30,P001,MarketPulse Store,3,The PulseBottle Pro is fine for regular use. The lid seal matches the listed specifications.,neutral,lid seal,1,13
RV00905,2024-07-31,P004,MarketPulse Store,4,"I have used the AeroRun Flex for several weeks. Great price, simple setup, and helpful service.",positive,price,0,2
RV00906,2024-01-29,P002,MarketPulse Store,1,"Bad experience. The SonicWave Lite has weak price, confusing setup, and unhelpful service.",negative,price,0,6
RV00907,2024-05-12,P003,MarketPulse Store,5,"I have used the FitTrack Neo for several weeks. Great fitness tracking, simple setup, and helpful service.",positive,fitness tracking,1,3
RV00908,2025-07-29,P002,Support Follow-up,5,The SonicWave Lite feels reliable and the price is excellent. Delivery was quick and I would recommend it.,positive,price,1,16
RV00909,2024-10-11,P001,MarketPulse Store,5,The PulseBottle Pro feels reliable and the build quality is excellent. Delivery was quick and I would recommend it.,positive,build quality,1,9
RV00910,2024-06-10,P004,Marketplace,1,The AeroRun Flex costs too much for this level of fit. I requested a return.,negative,fit,1,7
RV00911,2025-08-01,P002,MarketPulse Store,3,"I received the SonicWave Lite. It works as described, although the sound quality is neither great nor poor.",neutral,sound quality,1,0
RV00912,2025-11-25,P001,Retail Survey,4,The PulseBottle Pro feels reliable and the price is excellent. Delivery was quick and I would recommend it.,positive,price,1,11
RV00913,2024-10-15,P004,MarketPulse Store,5,The AeroRun Flex feels reliable and the sole quality is excellent. Delivery was quick and I would recommend it.,positive,sole quality,0,13
RV00914,2025-10-17,P001,Marketplace,3,An ordinary experience with the PulseBottle Pro. The lid seal is okay for the price.,neutral,lid seal,0,0
RV00915,2025-03-19,P003,MarketPulse Store,5,The FitTrack Neo feels reliable and the battery is excellent. Delivery was quick and I would recommend it.,positive,battery,0,7
RV00916,2024-08-22,P004,Retail Survey,4,The AeroRun Flex feels reliable and the price is excellent. Delivery was quick and I would recommend it.,positive,price,1,1
RV00917,2025-12-14,P003,MarketPulse Store,5,Excellent purchase. The FitTrack Neo has strong display and arrived in perfect condition.,positive,display,1,10
RV00918,2025-10-04,P002,Marketplace,1,The SonicWave Lite disappointed me. The battery is poor and support took too long to respond.,negative,battery,1,14
RV00919,2024-10-15,P002,MarketPulse Store,4,"I have used the SonicWave Lite for several weeks. Great sound quality, simple setup, and helpful service.",positive,sound quality,1,0
RV00920,2024-04-23,P003,Marketplace,1,The FitTrack Neo disappointed me. The battery is poor and support took too long to respond.,negative,battery,1,1
RV00921,2025-08-24,P003,Retail Survey,5,The FitTrack Neo feels reliable and the fitness tracking is excellent. Delivery was quick and I would recommend it.,positive,fitness tracking,1,4
RV00922,2025-02-11,P002,Marketplace,1,Not satisfied with the SonicWave Lite. The battery failed within a few days and delivery was delayed.,negative,battery,0,6
RV00923,2024-04-29,P002,Marketplace,5,Excellent purchase. The SonicWave Lite has strong comfort and arrived in perfect condition.,positive,comfort,1,21
RV00924,2025-08-31,P004,Retail Survey,5,"I have used the AeroRun Flex for several weeks. Great fit, simple setup, and helpful service.",positive,fit,1,7
RV00925,2025-09-06,P003,Retail Survey,4,The FitTrack Neo feels reliable and the display is excellent. Delivery was quick and I would recommend it.,positive,display,1,0
RV00926,2025-04-01,P002,Support Follow-up,5,Excellent purchase. The SonicWave Lite has strong sound quality and arrived in perfect condition.,positive,sound quality,1,0
RV00927,2024-01-07,P001,Support Follow-up,5,Excellent purchase. The PulseBottle Pro has strong build quality and arrived in perfect condition.,positive,build quality,1,3
RV00928,2025-09-12,P001,Support Follow-up,5,Very happy with the PulseBottle Pro. The lid seal exceeded my expectations and the price feels fair.,positive,lid seal,0,5
RV00929,2025-07-21,P003,MarketPulse Store,4,"I have used the FitTrack Neo for several weeks. Great fitness tracking, simple setup, and helpful service.",positive,fitness tracking,1,0
RV00930,2025-10-31,P001,Support Follow-up,2,The PulseBottle Pro disappointed me. The lid seal is poor and support took too long to respond.,negative,lid seal,1,16
RV00931,2024-06-03,P001,Retail Survey,5,Excellent purchase. The PulseBottle Pro has strong temperature retention and arrived in perfect condition.,positive,temperature retention,1,10
RV00932,2024-04-25,P004,MarketPulse Store,1,Not satisfied with the AeroRun Flex. The fit failed within a few days and delivery was delayed.,negative,fit,1,12
RV00933,2024-01-17,P004,Support Follow-up,5,The AeroRun Flex feels reliable and the price is excellent. Delivery was quick and I would recommend it.,positive,price,1,14
RV00934,2024-01-25,P002,MarketPulse Store,5,The SonicWave Lite feels reliable and the comfort is excellent. Delivery was quick and I would recommend it.,positive,comfort,1,10
RV00935,2024-05-01,P004,Retail Survey,3,The AeroRun Flex is acceptable. The sole quality is average and delivery took the expected time.,neutral,sole quality,0,9
RV00936,2024-04-25,P004,Support Follow-up,5,"I have used the AeroRun Flex for several weeks. Great comfort, simple setup, and helpful service.",positive,comfort,1,19
RV00937,2025-06-21,P001,Support Follow-up,5,Excellent purchase. The PulseBottle Pro has strong lid seal and arrived in perfect condition.,positive,lid seal,1,11
RV00938,2024-01-25,P001,Retail Survey,5,"I have used the PulseBottle Pro for several weeks. Great temperature retention, simple setup, and helpful service.",positive,temperature retention,1,0
RV00939,2024-01-10,P001,Marketplace,5,Very happy with the PulseBottle Pro. The temperature retention exceeded my expectations and the price feels fair.,positive,temperature retention,1,17
RV00940,2025-08-05,P001,Support Follow-up,4,Very happy with the PulseBottle Pro. The lid seal exceeded my expectations and the price feels fair.,positive,lid seal,1,13
RV00941,2024-09-08,P002,Retail Survey,3,An ordinary experience with the SonicWave Lite. The comfort is okay for the price.,neutral,comfort,1,5
RV00942,2025-04-29,P004,MarketPulse Store,4,The AeroRun Flex feels reliable and the fit is excellent. Delivery was quick and I would recommend it.,positive,fit,0,7
RV00943,2025-10-13,P001,Marketplace,3,The PulseBottle Pro is acceptable. The lid seal is average and delivery took the expected time.,neutral,lid seal,1,15
RV00944,2024-06-07,P004,Marketplace,5,Excellent purchase. The AeroRun Flex has strong comfort and arrived in perfect condition.,positive,comfort,1,13
RV00945,2025-04-06,P003,Marketplace,5,"I have used the FitTrack Neo for several weeks. Great battery, simple setup, and helpful service.",positive,battery,1,4
RV00946,2025-11-04,P003,Support Follow-up,5,"I have used the FitTrack Neo for several weeks. Great price, simple setup, and helpful service.",positive,price,0,0
RV00947,2024-12-14,P004,Retail Survey,4,Very happy with the AeroRun Flex. The sole quality exceeded my expectations and the price feels fair.,positive,sole quality,1,18
RV00948,2024-10-08,P002,Support Follow-up,4,Excellent purchase. The SonicWave Lite has strong sound quality and arrived in perfect condition.,positive,sound quality,1,3
RV00949,2025-05-19,P002,Marketplace,5,Very happy with the SonicWave Lite. The price exceeded my expectations and the price feels fair.,positive,price,0,3
RV00950,2025-01-28,P004,Marketplace,2,"Bad experience. The AeroRun Flex has weak comfort, confusing setup, and unhelpful service.",negative,comfort,1,12
RV00951,2024-04-15,P003,Support Follow-up,3,The FitTrack Neo is fine for regular use. The battery matches the listed specifications.,neutral,battery,0,2
RV00952,2025-07-06,P004,Marketplace,1,"Bad experience. The AeroRun Flex has weak comfort, confusing setup, and unhelpful service.",negative,comfort,1,4
RV00953,2025-04-16,P001,MarketPulse Store,3,"I received the PulseBottle Pro. It works as described, although the temperature retention is neither great nor poor.",neutral,temperature retention,1,0
RV00954,2025-07-28,P001,Support Follow-up,4,The PulseBottle Pro feels reliable and the build quality is excellent. Delivery was quick and I would recommend it.,positive,build quality,1,1
RV00955,2025-12-30,P002,Marketplace,2,Not satisfied with the SonicWave Lite. The price failed within a few days and delivery was delayed.,negative,price,0,0
RV00956,2025-09-27,P004,MarketPulse Store,4,Very happy with the AeroRun Flex. The fit exceeded my expectations and the price feels fair.,positive,fit,1,0
RV00957,2025-04-24,P002,MarketPulse Store,5,The SonicWave Lite feels reliable and the battery is excellent. Delivery was quick and I would recommend it.,positive,battery,1,3
RV00958,2025-01-19,P004,MarketPulse Store,3,"I received the AeroRun Flex. It works as described, although the price is neither great nor poor.",neutral,price,1,13
RV00959,2024-08-31,P004,Marketplace,1,The AeroRun Flex disappointed me. The fit is poor and support took too long to respond.,negative,fit,1,2
RV00960,2024-05-23,P004,Marketplace,4,Excellent purchase. The AeroRun Flex has strong sole quality and arrived in perfect condition.,positive,sole quality,1,1
RV00961,2024-09-06,P002,Retail Survey,3,The SonicWave Lite is fine for regular use. The comfort matches the listed specifications.,neutral,comfort,1,0
RV00962,2024-03-14,P002,Support Follow-up,1,The SonicWave Lite disappointed me. The price is poor and support took too long to respond.,negative,price,1,5
RV00963,2024-09-30,P001,Marketplace,2,The PulseBottle Pro costs too much for this level of temperature retention. I requested a return.,negative,temperature retention,1,0
RV00964,2024-06-05,P004,Retail Survey,4,The AeroRun Flex feels reliable and the sole quality is excellent. Delivery was quick and I would recommend it.,positive,sole quality,0,7
RV00965,2024-06-15,P003,Marketplace,3,The FitTrack Neo is acceptable. The fitness tracking is average and delivery took the expected time.,neutral,fitness tracking,1,6
RV00966,2024-09-27,P004,MarketPulse Store,3,An ordinary experience with the AeroRun Flex. The sole quality is okay for the price.,neutral,sole quality,1,8
RV00967,2024-10-03,P001,Support Follow-up,1,The PulseBottle Pro disappointed me. The temperature retention is poor and support took too long to respond.,negative,temperature retention,0,12
RV00968,2024-08-15,P001,Retail Survey,5,The PulseBottle Pro feels reliable and the build quality is excellent. Delivery was quick and I would recommend it.,positive,build quality,1,5
RV00969,2025-09-11,P004,Support Follow-up,5,Very happy with the AeroRun Flex. The comfort exceeded my expectations and the price feels fair.,positive,comfort,1,12
RV00970,2024-01-25,P003,Support Follow-up,5,Excellent purchase. The FitTrack Neo has strong battery and arrived in perfect condition.,positive,battery,1,0
RV00971,2024-09-05,P001,MarketPulse Store,2,"Bad experience. The PulseBottle Pro has weak temperature retention, confusing setup, and unhelpful service.",negative,temperature retention,1,1
RV00972,2024-04-15,P004,MarketPulse Store,3,The AeroRun Flex is acceptable. The sole quality is average and delivery took the expected time.,neutral,sole quality,0,11
RV00973,2025-08-07,P002,Support Follow-up,5,"I have used the SonicWave Lite for several weeks. Great comfort, simple setup, and helpful service.",positive,comfort,1,4
RV00974,2024-06-23,P003,Support Follow-up,4,"I have used the FitTrack Neo for several weeks. Great price, simple setup, and helpful service.",positive,price,1,2
RV00975,2024-03-29,P004,MarketPulse Store,1,"Bad experience. The AeroRun Flex has weak comfort, confusing setup, and unhelpful service.",negative,comfort,1,16
RV00976,2025-11-09,P002,Support Follow-up,3,The SonicWave Lite is acceptable. The sound quality is average and delivery took the expected time.,neutral,sound quality,1,11
RV00977,2024-11-16,P004,Retail Survey,4,Very happy with the AeroRun Flex. The comfort exceeded my expectations and the price feels fair.,positive,comfort,1,13
RV00978,2025-02-13,P004,MarketPulse Store,1,"Bad experience. The AeroRun Flex has weak comfort, confusing setup, and unhelpful service.",negative,comfort,1,10
RV00979,2025-07-13,P002,Support Follow-up,4,The SonicWave Lite feels reliable and the comfort is excellent. Delivery was quick and I would recommend it.,positive,comfort,1,9
RV00980,2024-11-30,P004,Marketplace,2,The AeroRun Flex costs too much for this level of price. I requested a return.,negative,price,0,9
RV00981,2024-11-27,P001,Marketplace,4,Very happy with the PulseBottle Pro. The price exceeded my expectations and the price feels fair.,positive,price,0,7
RV00982,2025-03-28,P002,MarketPulse Store,5,"I have used the SonicWave Lite for several weeks. Great battery, simple setup, and helpful service.",positive,battery,1,4
RV00983,2025-12-18,P004,Marketplace,3,The AeroRun Flex is acceptable. The fit is average and delivery took the expected time.,neutral,fit,0,6
RV00984,2024-06-25,P002,Support Follow-up,2,The SonicWave Lite disappointed me. The battery is poor and support took too long to respond.,negative,battery,1,10
RV00985,2025-11-12,P004,Support Follow-up,2,"Bad experience. The AeroRun Flex has weak comfort, confusing setup, and unhelpful service.",negative,comfort,1,0
RV00986,2024-05-11,P003,Marketplace,5,Excellent purchase. The FitTrack Neo has strong fitness tracking and arrived in perfect condition.,positive,fitness tracking,1,14
RV00987,2025-04-04,P003,Retail Survey,3,The FitTrack Neo is acceptable. The fitness tracking is average and delivery took the expected time.,neutral,fitness tracking,1,0
RV00988,2025-10-25,P004,MarketPulse Store,2,The AeroRun Flex disappointed me. The fit is poor and support took too long to respond.,negative,fit,1,6
RV00989,2024-09-23,P004,Marketplace,1,The AeroRun Flex costs too much for this level of price. I requested a return.,negative,price,1,0
RV00990,2025-05-14,P001,Support Follow-up,5,"I have used the PulseBottle Pro for several weeks. Great price, simple setup, and helpful service.",positive,price,1,5
RV00991,2025-12-09,P001,Retail Survey,5,Very happy with the PulseBottle Pro. The lid seal exceeded my expectations and the price feels fair.,positive,lid seal,1,5
RV00992,2025-05-02,P004,Marketplace,5,Very happy with the AeroRun Flex. The comfort exceeded my expectations and the price feels fair.,positive,comfort,1,7
RV00993,2025-10-16,P003,Retail Survey,3,The FitTrack Neo is acceptable. The battery is average and delivery took the expected time.,neutral,battery,1,5
RV00994,2025-02-02,P001,MarketPulse Store,5,Very happy with the PulseBottle Pro. The lid seal exceeded my expectations and the price feels fair.,positive,lid seal,1,8
RV00995,2025-06-08,P004,Marketplace,5,"I have used the AeroRun Flex for several weeks. Great fit, simple setup, and helpful service.",positive,fit,1,19
RV00996,2024-04-13,P003,MarketPulse Store,4,Very happy with the FitTrack Neo. The display exceeded my expectations and the price feels fair.,positive,display,1,6
RV00997,2025-07-09,P003,Marketplace,5,Very happy with the FitTrack Neo. The price exceeded my expectations and the price feels fair.,positive,price,1,0
RV00998,2024-02-27,P004,Retail Survey,3,The AeroRun Flex is fine for regular use. The sole quality matches the listed specifications.,neutral,sole quality,1,1
RV00999,2024-12-14,P002,Retail Survey,3,"I received the SonicWave Lite. It works as described, although the comfort is neither great nor poor.",neutral,comfort,1,4
RV01000,2024-01-09,P003,Support Follow-up,3,The FitTrack Neo is acceptable. The price is average and delivery took the expected time.,neutral,price,1,1
RV01001,2024-08-05,P003,MarketPulse Store,4,"I have used the FitTrack Neo for several weeks. Great battery, simple setup, and helpful service.",positive,battery,1,4
RV01002,2025-02-16,P002,Support Follow-up,4,"I have used the SonicWave Lite for several weeks. Great price, simple setup, and helpful service.",positive,price,1,8
RV01003,2024-06-17,P001,Retail Survey,5,Very happy with the PulseBottle Pro. The build quality exceeded my expectations and the price feels fair.,positive,build quality,1,0
RV01004,2024-07-31,P004,Support Follow-up,2,The AeroRun Flex costs too much for this level of comfort. I requested a return.,negative,comfort,0,17
RV01005,2025-12-20,P001,Marketplace,4,Excellent purchase. The PulseBottle Pro has strong lid seal and arrived in perfect condition.,positive,lid seal,1,5
RV01006,2024-08-20,P002,MarketPulse Store,4,The SonicWave Lite feels reliable and the battery is excellent. Delivery was quick and I would recommend it.,positive,battery,0,0
RV01007,2025-05-02,P001,Marketplace,4,The PulseBottle Pro feels reliable and the price is excellent. Delivery was quick and I would recommend it.,positive,price,1,4
RV01008,2025-07-18,P002,Support Follow-up,2,The SonicWave Lite costs too much for this level of comfort. I requested a return.,negative,comfort,1,0
RV01009,2025-05-04,P002,MarketPulse Store,1,The SonicWave Lite costs too much for this level of sound quality. I requested a return.,negative,sound quality,1,1
RV01010,2025-11-23,P003,Retail Survey,5,"I have used the FitTrack Neo for several weeks. Great display, simple setup, and helpful service.",positive,display,1,3
RV01011,2025-04-24,P001,Marketplace,5,"I have used the PulseBottle Pro for several weeks. Great temperature retention, simple setup, and helpful service.",positive,temperature retention,1,2
RV01012,2025-06-05,P001,Support Follow-up,5,Very happy with the PulseBottle Pro. The build quality exceeded my expectations and the price feels fair.,positive,build quality,1,2
RV01013,2025-02-14,P003,Support Follow-up,2,"Bad experience. The FitTrack Neo has weak display, confusing setup, and unhelpful service.",negative,display,0,0
RV01014,2024-08-11,P001,MarketPulse Store,3,The PulseBottle Pro is acceptable. The price is average and delivery took the expected time.,neutral,price,1,1
RV01015,2025-09-15,P001,Retail Survey,3,"I received the PulseBottle Pro. It works as described, although the lid seal is neither great nor poor.",neutral,lid seal,1,8
RV01016,2025-12-14,P004,MarketPulse Store,5,Excellent purchase. The AeroRun Flex has strong sole quality and arrived in perfect condition.,positive,sole quality,1,4
RV01017,2025-05-10,P003,Retail Survey,2,The FitTrack Neo costs too much for this level of display. I requested a return.,negative,display,0,8
RV01018,2025-04-20,P001,Support Follow-up,1,Not satisfied with the PulseBottle Pro. The price failed within a few days and delivery was delayed.,negative,price,0,4
RV01019,2025-08-31,P003,MarketPulse Store,3,"I received the FitTrack Neo. It works as described, although the display is neither great nor poor.",neutral,display,1,11
RV01020,2025-12-22,P004,MarketPulse Store,4,The AeroRun Flex feels reliable and the comfort is excellent. Delivery was quick and I would recommend it.,positive,comfort,1,10
RV01021,2024-04-09,P001,Support Follow-up,2,"Bad experience. The PulseBottle Pro has weak lid seal, confusing setup, and unhelpful service.",negative,lid seal,1,0
RV01022,2025-06-26,P001,Retail Survey,5,Excellent purchase. The PulseBottle Pro has strong temperature retention and arrived in perfect condition.,positive,temperature retention,1,13
RV01023,2024-05-09,P002,Marketplace,5,Excellent purchase. The SonicWave Lite has strong comfort and arrived in perfect condition.,positive,comfort,1,2
RV01024,2024-09-20,P001,MarketPulse Store,3,"I received the PulseBottle Pro. It works as described, although the build quality is neither great nor poor.",neutral,build quality,1,16
RV01025,2025-06-05,P003,Marketplace,5,The FitTrack Neo feels reliable and the price is excellent. Delivery was quick and I would recommend it.,positive,price,1,21
RV01026,2024-04-01,P001,Retail Survey,4,"I have used the PulseBottle Pro for several weeks. Great price, simple setup, and helpful service.",positive,price,1,0
RV01027,2024-11-08,P003,Marketplace,5,The FitTrack Neo feels reliable and the display is excellent. Delivery was quick and I would recommend it.,positive,display,1,8
RV01028,2024-03-13,P002,Support Follow-up,4,"I have used the SonicWave Lite for several weeks. Great price, simple setup, and helpful service.",positive,price,1,18
RV01029,2025-01-13,P002,MarketPulse Store,4,Very happy with the SonicWave Lite. The price exceeded my expectations and the price feels fair.,positive,price,1,7
RV01030,2025-03-31,P004,Marketplace,5,Excellent purchase. The AeroRun Flex has strong fit and arrived in perfect condition.,positive,fit,0,0
RV01031,2025-07-08,P004,Retail Survey,5,"I have used the AeroRun Flex for several weeks. Great fit, simple setup, and helpful service.",positive,fit,1,0
RV01032,2024-12-02,P001,Support Follow-up,1,Not satisfied with the PulseBottle Pro. The lid seal failed within a few days and delivery was delayed.,negative,lid seal,1,0
RV01033,2025-07-23,P004,Support Follow-up,4,Very happy with the AeroRun Flex. The price exceeded my expectations and the price feels fair.,positive,price,1,15
RV01034,2024-02-12,P003,MarketPulse Store,5,The FitTrack Neo feels reliable and the fitness tracking is excellent. Delivery was quick and I would recommend it.,positive,fitness tracking,1,20
RV01035,2024-09-19,P003,Retail Survey,1,The FitTrack Neo costs too much for this level of fitness tracking. I requested a return.,negative,fitness tracking,1,6
RV01036,2025-02-05,P004,Support Follow-up,5,"I have used the AeroRun Flex for several weeks. Great fit, simple setup, and helpful service.",positive,fit,1,9
RV01037,2025-12-13,P003,MarketPulse Store,3,"I received the FitTrack Neo. It works as described, although the display is neither great nor poor.",neutral,display,1,0
RV01038,2024-09-21,P003,MarketPulse Store,2,The FitTrack Neo costs too much for this level of price. I requested a return.,negative,price,1,5
RV01039,2025-02-07,P004,Marketplace,3,The AeroRun Flex is fine for regular use. The fit matches the listed specifications.,neutral,fit,1,12
RV01040,2024-10-26,P002,Retail Survey,5,Very happy with the SonicWave Lite. The battery exceeded my expectations and the price feels fair.,positive,battery,1,19
RV01041,2024-06-19,P002,Support Follow-up,4,Very happy with the SonicWave Lite. The sound quality exceeded my expectations and the price feels fair.,positive,sound quality,1,7
RV01042,2024-08-30,P002,Support Follow-up,3,The SonicWave Lite is acceptable. The battery is average and delivery took the expected time.,neutral,battery,1,8
RV01043,2024-09-11,P001,Support Follow-up,4,The PulseBottle Pro feels reliable and the lid seal is excellent. Delivery was quick and I would recommend it.,positive,lid seal,1,4
RV01044,2025-04-10,P002,Support Follow-up,3,The SonicWave Lite is acceptable. The sound quality is average and delivery took the expected time.,neutral,sound quality,1,0
RV01045,2024-01-16,P001,Marketplace,1,The PulseBottle Pro disappointed me. The lid seal is poor and support took too long to respond.,negative,lid seal,1,4
RV01046,2025-01-23,P002,MarketPulse Store,4,Very happy with the SonicWave Lite. The comfort exceeded my expectations and the price feels fair.,positive,comfort,1,3
RV01047,2024-08-24,P002,Support Follow-up,1,The SonicWave Lite costs too much for this level of battery. I requested a return.,negative,battery,1,0
RV01048,2024-07-05,P004,Support Follow-up,5,Very happy with the AeroRun Flex. The price exceeded my expectations and the price feels fair.,positive,price,1,2
RV01049,2025-09-15,P003,Retail Survey,5,"I have used the FitTrack Neo for several weeks. Great display, simple setup, and helpful service.",positive,display,1,5
RV01050,2025-08-23,P001,Support Follow-up,1,The PulseBottle Pro disappointed me. The lid seal is poor and support took too long to respond.,negative,lid seal,1,1
RV01051,2024-05-20,P001,Marketplace,1,The PulseBottle Pro costs too much for this level of build quality. I requested a return.,negative,build quality,1,2
RV01052,2024-08-14,P001,Retail Survey,2,The PulseBottle Pro costs too much for this level of temperature retention. I requested a return.,negative,temperature retention,1,7
RV01053,2024-04-10,P002,Marketplace,4,Very happy with the SonicWave Lite. The battery exceeded my expectations and the price feels fair.,positive,battery,1,0
RV01054,2024-12-31,P003,Marketplace,2,"Bad experience. The FitTrack Neo has weak price, confusing setup, and unhelpful service.",negative,price,1,6
RV01055,2025-10-14,P004,Retail Survey,4,Very happy with the AeroRun Flex. The comfort exceeded my expectations and the price feels fair.,positive,comfort,1,19
RV01056,2024-09-06,P004,Retail Survey,3,An ordinary experience with the AeroRun Flex. The fit is okay for the price.,neutral,fit,1,4
RV01057,2025-03-02,P002,Retail Survey,4,"I have used the SonicWave Lite for several weeks. Great battery, simple setup, and helpful service.",positive,battery,0,10
RV01058,2025-01-02,P003,Retail Survey,4,"I have used the FitTrack Neo for several weeks. Great fitness tracking, simple setup, and helpful service.",positive,fitness tracking,1,2
RV01059,2025-07-04,P004,Support Follow-up,1,Not satisfied with the AeroRun Flex. The fit failed within a few days and delivery was delayed.,negative,fit,1,6
RV01060,2024-07-07,P003,Retail Survey,5,Excellent purchase. The FitTrack Neo has strong fitness tracking and arrived in perfect condition.,positive,fitness tracking,1,5
RV01061,2024-11-26,P004,MarketPulse Store,5,"I have used the AeroRun Flex for several weeks. Great price, simple setup, and helpful service.",positive,price,1,2
RV01062,2024-03-17,P002,Marketplace,1,The SonicWave Lite costs too much for this level of battery. I requested a return.,negative,battery,1,10
RV01063,2024-07-18,P002,Retail Survey,4,Excellent purchase. The SonicWave Lite has strong sound quality and arrived in perfect condition.,positive,sound quality,0,6
RV01064,2024-03-10,P002,Retail Survey,5,"I have used the SonicWave Lite for several weeks. Great price, simple setup, and helpful service.",positive,price,1,0
RV01065,2025-08-29,P001,Marketplace,4,Excellent purchase. The PulseBottle Pro has strong build quality and arrived in perfect condition.,positive,build quality,1,9
RV01066,2024-06-13,P002,Retail Survey,4,Excellent purchase. The SonicWave Lite has strong comfort and arrived in perfect condition.,positive,comfort,0,12
RV01067,2025-07-10,P001,Retail Survey,5,"I have used the PulseBottle Pro for several weeks. Great lid seal, simple setup, and helpful service.",positive,lid seal,1,7
RV01068,2024-08-17,P003,Marketplace,4,"I have used the FitTrack Neo for several weeks. Great display, simple setup, and helpful service.",positive,display,1,0
RV01069,2024-04-25,P003,Marketplace,5,"I have used the FitTrack Neo for several weeks. Great display, simple setup, and helpful service.",positive,display,1,9
RV01070,2025-09-04,P004,Marketplace,3,The AeroRun Flex is fine for regular use. The comfort matches the listed specifications.,neutral,comfort,1,12
RV01071,2024-04-24,P002,MarketPulse Store,5,"I have used the SonicWave Lite for several weeks. Great comfort, simple setup, and helpful service.",positive,comfort,1,7
RV01072,2024-02-09,P002,Support Follow-up,5,The SonicWave Lite feels reliable and the sound quality is excellent. Delivery was quick and I would recommend it.,positive,sound quality,1,5
RV01073,2024-03-17,P003,Retail Survey,4,The FitTrack Neo feels reliable and the display is excellent. Delivery was quick and I would recommend it.,positive,display,0,1
RV01074,2025-11-06,P002,Support Follow-up,4,The SonicWave Lite feels reliable and the sound quality is excellent. Delivery was quick and I would recommend it.,positive,sound quality,1,12
RV01075,2024-04-21,P004,Support Follow-up,3,The AeroRun Flex is fine for regular use. The price matches the listed specifications.,neutral,price,1,15
RV01076,2024-02-26,P003,Retail Survey,2,"Bad experience. The FitTrack Neo has weak battery, confusing setup, and unhelpful service.",negative,battery,1,0
RV01077,2025-05-25,P004,Marketplace,4,Excellent purchase. The AeroRun Flex has strong fit and arrived in perfect condition.,positive,fit,1,13
RV01078,2024-05-03,P002,Support Follow-up,3,The SonicWave Lite is acceptable. The sound quality is average and delivery took the expected time.,neutral,sound quality,1,6
RV01079,2024-06-21,P002,Retail Survey,2,Not satisfied with the SonicWave Lite. The battery failed within a few days and delivery was delayed.,negative,battery,0,6
RV01080,2024-03-03,P002,Support Follow-up,5,"I have used the SonicWave Lite for several weeks. Great price, simple setup, and helpful service.",positive,price,1,2
RV01081,2024-05-01,P004,Marketplace,5,"I have used the AeroRun Flex for several weeks. Great sole quality, simple setup, and helpful service.",positive,sole quality,1,8
RV01082,2025-07-08,P004,MarketPulse Store,5,Very happy with the AeroRun Flex. The fit exceeded my expectations and the price feels fair.,positive,fit,0,7
RV01083,2025-04-11,P001,Support Follow-up,5,"I have used the PulseBottle Pro for several weeks. Great build quality, simple setup, and helpful service.",positive,build quality,1,0
RV01084,2024-09-30,P004,Retail Survey,4,Excellent purchase. The AeroRun Flex has strong fit and arrived in perfect condition.,positive,fit,1,9
RV01085,2024-02-28,P003,Support Follow-up,4,"I have used the FitTrack Neo for several weeks. Great fitness tracking, simple setup, and helpful service.",positive,fitness tracking,1,9
RV01086,2025-07-19,P002,MarketPulse Store,3,An ordinary experience with the SonicWave Lite. The sound quality is okay for the price.,neutral,sound quality,1,15
RV01087,2024-10-23,P002,Support Follow-up,3,The SonicWave Lite is fine for regular use. The price matches the listed specifications.,neutral,price,1,0
RV01088,2025-03-16,P002,Marketplace,3,"I received the SonicWave Lite. It works as described, although the battery is neither great nor poor.",neutral,battery,1,13
RV01089,2024-02-10,P002,Retail Survey,5,The SonicWave Lite feels reliable and the price is excellent. Delivery was quick and I would recommend it.,positive,price,1,0
RV01090,2025-05-21,P004,Marketplace,4,Excellent purchase. The AeroRun Flex has strong sole quality and arrived in perfect condition.,positive,sole quality,1,0
RV01091,2024-04-24,P002,MarketPulse Store,3,The SonicWave Lite is acceptable. The comfort is average and delivery took the expected time.,neutral,comfort,1,11
RV01092,2024-04-23,P003,Support Follow-up,4,"I have used the FitTrack Neo for several weeks. Great battery, simple setup, and helpful service.",positive,battery,1,7
RV01093,2024-07-16,P001,Support Follow-up,2,The PulseBottle Pro costs too much for this level of price. I requested a return.,negative,price,1,4
RV01094,2024-01-09,P002,Support Follow-up,5,Very happy with the SonicWave Lite. The comfort exceeded my expectations and the price feels fair.,positive,comfort,0,9
RV01095,2024-04-09,P002,Marketplace,4,Excellent purchase. The SonicWave Lite has strong comfort and arrived in perfect condition.,positive,comfort,1,8
RV01096,2024-05-22,P001,Retail Survey,5,Very happy with the PulseBottle Pro. The build quality exceeded my expectations and the price feels fair.,positive,build quality,1,0
RV01097,2025-12-02,P003,MarketPulse Store,4,The FitTrack Neo feels reliable and the price is excellent. Delivery was quick and I would recommend it.,positive,price,1,2
RV01098,2024-08-04,P001,MarketPulse Store,2,"Bad experience. The PulseBottle Pro has weak lid seal, confusing setup, and unhelpful service.",negative,lid seal,1,5
RV01099,2025-06-28,P001,Marketplace,5,The PulseBottle Pro feels reliable and the temperature retention is excellent. Delivery was quick and I would recommend it.,positive,temperature retention,1,8
RV01100,2025-03-14,P003,Marketplace,5,The FitTrack Neo feels reliable and the price is excellent. Delivery was quick and I would recommend it.,positive,price,1,0
RV01101,2025-10-04,P002,Support Follow-up,5,"I have used the SonicWave Lite for several weeks. Great price, simple setup, and helpful service.",positive,price,1,7
RV01102,2024-03-11,P002,MarketPulse Store,4,The SonicWave Lite feels reliable and the comfort is excellent. Delivery was quick and I would recommend it.,positive,comfort,1,7
RV01103,2025-03-05,P001,MarketPulse Store,1,Not satisfied with the PulseBottle Pro. The build quality failed within a few days and delivery was delayed.,negative,build quality,1,0
RV01104,2025-09-10,P002,Marketplace,3,The SonicWave Lite is acceptable. The comfort is average and delivery took the expected time.,neutral,comfort,1,3
RV01105,2024-05-02,P004,Retail Survey,3,The AeroRun Flex is acceptable. The sole quality is average and delivery took the expected time.,neutral,sole quality,1,6
RV01106,2025-03-31,P001,Support Follow-up,4,Very happy with the PulseBottle Pro. The price exceeded my expectations and the price feels fair.,positive,price,1,0
RV01107,2024-09-24,P004,Support Follow-up,4,Excellent purchase. The AeroRun Flex has strong sole quality and arrived in perfect condition.,positive,sole quality,1,11
RV01108,2025-02-25,P001,MarketPulse Store,4,Very happy with the PulseBottle Pro. The build quality exceeded my expectations and the price feels fair.,positive,build quality,1,12
RV01109,2025-10-27,P004,Support Follow-up,1,"Bad experience. The AeroRun Flex has weak sole quality, confusing setup, and unhelpful service.",negative,sole quality,1,8
RV01110,2024-08-02,P002,Support Follow-up,2,The SonicWave Lite costs too much for this level of comfort. I requested a return.,negative,comfort,1,10
RV01111,2025-08-13,P001,Support Follow-up,5,Excellent purchase. The PulseBottle Pro has strong temperature retention and arrived in perfect condition.,positive,temperature retention,1,13
RV01112,2025-08-21,P004,Marketplace,2,The AeroRun Flex costs too much for this level of comfort. I requested a return.,negative,comfort,1,10
RV01113,2024-08-25,P004,Marketplace,4,The AeroRun Flex feels reliable and the comfort is excellent. Delivery was quick and I would recommend it.,positive,comfort,1,0
RV01114,2025-09-05,P004,MarketPulse Store,5,Very happy with the AeroRun Flex. The comfort exceeded my expectations and the price feels fair.,positive,comfort,0,3
RV01115,2025-12-26,P002,Marketplace,3,The SonicWave Lite is acceptable. The comfort is average and delivery took the expected time.,neutral,comfort,1,3
RV01116,2024-07-10,P003,Marketplace,5,Excellent purchase. The FitTrack Neo has strong battery and arrived in perfect condition.,positive,battery,0,10
RV01117,2024-08-03,P002,Retail Survey,4,"I have used the SonicWave Lite for several weeks. Great battery, simple setup, and helpful service.",positive,battery,1,5
RV01118,2025-08-12,P002,Marketplace,5,The SonicWave Lite feels reliable and the comfort is excellent. Delivery was quick and I would recommend it.,positive,comfort,1,11
RV01119,2024-12-26,P002,MarketPulse Store,4,"I have used the SonicWave Lite for several weeks. Great comfort, simple setup, and helpful service.",positive,comfort,1,6
RV01120,2025-09-21,P004,Retail Survey,4,"I have used the AeroRun Flex for several weeks. Great price, simple setup, and helpful service.",positive,price,1,8
RV01121,2025-09-20,P002,MarketPulse Store,3,"I received the SonicWave Lite. It works as described, although the battery is neither great nor poor.",neutral,battery,1,15
RV01122,2024-08-05,P003,Retail Survey,5,Very happy with the FitTrack Neo. The battery exceeded my expectations and the price feels fair.,positive,battery,1,15
RV01123,2024-05-02,P001,MarketPulse Store,2,"Bad experience. The PulseBottle Pro has weak temperature retention, confusing setup, and unhelpful service.",negative,temperature retention,1,6
RV01124,2024-05-10,P001,MarketPulse Store,1,The PulseBottle Pro disappointed me. The price is poor and support took too long to respond.,negative,price,1,2
RV01125,2024-06-21,P004,Marketplace,1,"Bad experience. The AeroRun Flex has weak fit, confusing setup, and unhelpful service.",negative,fit,1,12
RV01126,2024-02-29,P003,Retail Survey,1,"Bad experience. The FitTrack Neo has weak display, confusing setup, and unhelpful service.",negative,display,1,6
RV01127,2025-03-03,P001,Retail Survey,3,An ordinary experience with the PulseBottle Pro. The build quality is okay for the price.,neutral,build quality,1,7
RV01128,2024-12-04,P003,Retail Survey,4,Very happy with the FitTrack Neo. The fitness tracking exceeded my expectations and the price feels fair.,positive,fitness tracking,1,11
RV01129,2025-08-08,P004,MarketPulse Store,4,"I have used the AeroRun Flex for several weeks. Great sole quality, simple setup, and helpful service.",positive,sole quality,1,0
RV01130,2025-09-30,P001,Support Follow-up,4,Very happy with the PulseBottle Pro. The lid seal exceeded my expectations and the price feels fair.,positive,lid seal,1,4
RV01131,2025-11-12,P004,Support Follow-up,4,Excellent purchase. The AeroRun Flex has strong price and arrived in perfect condition.,positive,price,1,0
RV01132,2025-06-28,P001,MarketPulse Store,3,An ordinary experience with the PulseBottle Pro. The price is okay for the price.,neutral,price,1,10
RV01133,2025-06-05,P002,MarketPulse Store,3,"I received the SonicWave Lite. It works as described, although the sound quality is neither great nor poor.",neutral,sound quality,1,15
RV01134,2024-02-02,P004,MarketPulse Store,3,"I received the AeroRun Flex. It works as described, although the price is neither great nor poor.",neutral,price,1,5
RV01135,2024-09-17,P002,Retail Survey,3,The SonicWave Lite is fine for regular use. The comfort matches the listed specifications.,neutral,comfort,1,4
RV01136,2024-01-23,P004,Retail Survey,5,"I have used the AeroRun Flex for several weeks. Great comfort, simple setup, and helpful service.",positive,comfort,1,8
RV01137,2024-12-13,P001,Marketplace,3,"I received the PulseBottle Pro. It works as described, although the temperature retention is neither great nor poor.",neutral,temperature retention,1,11
RV01138,2024-05-07,P001,Marketplace,4,Very happy with the PulseBottle Pro. The price exceeded my expectations and the price feels fair.,positive,price,1,6
RV01139,2024-04-16,P001,Marketplace,3,"I received the PulseBottle Pro. It works as described, although the build quality is neither great nor poor.",neutral,build quality,1,13
RV01140,2024-05-08,P003,Support Follow-up,4,Very happy with the FitTrack Neo. The price exceeded my expectations and the price feels fair.,positive,price,1,7
RV01141,2024-10-05,P004,Marketplace,3,An ordinary experience with the AeroRun Flex. The sole quality is okay for the price.,neutral,sole quality,1,8
RV01142,2024-02-13,P002,Support Follow-up,3,An ordinary experience with the SonicWave Lite. The battery is okay for the price.,neutral,battery,0,15
RV01143,2024-02-04,P003,Retail Survey,5,Very happy with the FitTrack Neo. The price exceeded my expectations and the price feels fair.,positive,price,1,0
RV01144,2024-11-25,P001,Retail Survey,4,"I have used the PulseBottle Pro for several weeks. Great build quality, simple setup, and helpful service.",positive,build quality,1,0
RV01145,2025-06-01,P004,Marketplace,3,The AeroRun Flex is acceptable. The sole quality is average and delivery took the expected time.,neutral,sole quality,1,9
RV01146,2025-01-15,P004,MarketPulse Store,4,Excellent purchase. The AeroRun Flex has strong price and arrived in perfect condition.,positive,price,1,1
RV01147,2024-10-15,P003,Marketplace,5,Excellent purchase. The FitTrack Neo has strong price and arrived in perfect condition.,positive,price,1,0
RV01148,2025-01-21,P004,Retail Survey,3,The AeroRun Flex is acceptable. The fit is average and delivery took the expected time.,neutral,fit,1,9
RV01149,2024-04-01,P003,MarketPulse Store,5,Excellent purchase. The FitTrack Neo has strong display and arrived in perfect condition.,positive,display,1,0
RV01150,2024-07-17,P003,Retail Survey,1,"Bad experience. The FitTrack Neo has weak fitness tracking, confusing setup, and unhelpful service.",negative,fitness tracking,1,16
RV01151,2024-07-04,P001,MarketPulse Store,4,Excellent purchase. The PulseBottle Pro has strong build quality and arrived in perfect condition.,positive,build quality,1,15
RV01152,2024-07-18,P004,Retail Survey,2,Not satisfied with the AeroRun Flex. The sole quality failed within a few days and delivery was delayed.,negative,sole quality,1,6
RV01153,2025-11-20,P001,Marketplace,2,The PulseBottle Pro disappointed me. The temperature retention is poor and support took too long to respond.,negative,temperature retention,1,10
RV01154,2025-12-21,P001,MarketPulse Store,1,The PulseBottle Pro disappointed me. The price is poor and support took too long to respond.,negative,price,1,8
RV01155,2025-05-24,P003,Marketplace,1,The FitTrack Neo costs too much for this level of fitness tracking. I requested a return.,negative,fitness tracking,0,7
RV01156,2025-12-05,P003,Marketplace,5,Very happy with the FitTrack Neo. The battery exceeded my expectations and the price feels fair.,positive,battery,1,4
RV01157,2025-10-28,P001,Retail Survey,4,Very happy with the PulseBottle Pro. The temperature retention exceeded my expectations and the price feels fair.,positive,temperature retention,1,12
RV01158,2024-06-26,P003,Marketplace,5,Excellent purchase. The FitTrack Neo has strong price and arrived in perfect condition.,positive,price,1,4
RV01159,2024-12-15,P001,Support Follow-up,5,The PulseBottle Pro feels reliable and the lid seal is excellent. Delivery was quick and I would recommend it.,positive,lid seal,1,21
RV01160,2025-08-01,P003,Support Follow-up,4,Very happy with the FitTrack Neo. The price exceeded my expectations and the price feels fair.,positive,price,1,10
RV01161,2024-07-23,P003,MarketPulse Store,4,"I have used the FitTrack Neo for several weeks. Great price, simple setup, and helpful service.",positive,price,1,12
RV01162,2025-06-02,P001,MarketPulse Store,4,Excellent purchase. The PulseBottle Pro has strong price and arrived in perfect condition.,positive,price,1,0
RV01163,2024-09-07,P004,Marketplace,4,The AeroRun Flex feels reliable and the comfort is excellent. Delivery was quick and I would recommend it.,positive,comfort,0,22
RV01164,2024-12-14,P002,Support Follow-up,1,Not satisfied with the SonicWave Lite. The battery failed within a few days and delivery was delayed.,negative,battery,1,3
RV01165,2025-02-05,P001,Support Follow-up,1,"Bad experience. The PulseBottle Pro has weak build quality, confusing setup, and unhelpful service.",negative,build quality,0,2
RV01166,2025-10-04,P002,MarketPulse Store,4,"I have used the SonicWave Lite for several weeks. Great comfort, simple setup, and helpful service.",positive,comfort,1,0
RV01167,2024-04-14,P001,Marketplace,5,"I have used the PulseBottle Pro for several weeks. Great temperature retention, simple setup, and helpful service.",positive,temperature retention,0,3
RV01168,2024-10-09,P002,MarketPulse Store,1,"Bad experience. The SonicWave Lite has weak sound quality, confusing setup, and unhelpful service.",negative,sound quality,1,8
RV01169,2024-11-26,P004,Support Follow-up,2,The AeroRun Flex costs too much for this level of price. I requested a return.,negative,price,1,6
RV01170,2024-03-18,P004,Marketplace,5,Very happy with the AeroRun Flex. The sole quality exceeded my expectations and the price feels fair.,positive,sole quality,1,6
RV01171,2025-02-28,P004,Marketplace,4,"I have used the AeroRun Flex for several weeks. Great fit, simple setup, and helpful service.",positive,fit,1,3
RV01172,2025-03-19,P002,Marketplace,5,Very happy with the SonicWave Lite. The battery exceeded my expectations and the price feels fair.,positive,battery,1,6
RV01173,2025-12-03,P002,Retail Survey,5,Excellent purchase. The SonicWave Lite has strong battery and arrived in perfect condition.,positive,battery,1,0
RV01174,2024-06-02,P004,Support Follow-up,3,"I received the AeroRun Flex. It works as described, although the fit is neither great nor poor.",neutral,fit,1,11
RV01175,2024-07-12,P001,MarketPulse Store,5,"I have used the PulseBottle Pro for several weeks. Great price, simple setup, and helpful service.",positive,price,1,15
RV01176,2025-11-13,P001,Retail Survey,2,The PulseBottle Pro disappointed me. The lid seal is poor and support took too long to respond.,negative,lid seal,0,0
RV01177,2024-02-17,P004,Marketplace,5,Excellent purchase. The AeroRun Flex has strong price and arrived in perfect condition.,positive,price,0,3
RV01178,2024-04-16,P004,Retail Survey,2,The AeroRun Flex disappointed me. The sole quality is poor and support took too long to respond.,negative,sole quality,0,6
RV01179,2025-02-15,P003,Marketplace,5,Excellent purchase. The FitTrack Neo has strong price and arrived in perfect condition.,positive,price,1,14
RV01180,2024-03-23,P004,Marketplace,2,The AeroRun Flex disappointed me. The fit is poor and support took too long to respond.,negative,fit,1,0
RV01181,2024-10-29,P002,Retail Survey,3,An ordinary experience with the SonicWave Lite. The comfort is okay for the price.,neutral,comfort,1,11
RV01182,2024-11-30,P001,Marketplace,4,Very happy with the PulseBottle Pro. The build quality exceeded my expectations and the price feels fair.,positive,build quality,1,7
RV01183,2025-04-27,P003,Marketplace,5,Very happy with the FitTrack Neo. The display exceeded my expectations and the price feels fair.,positive,display,0,8
RV01184,2024-07-02,P004,Retail Survey,4,The AeroRun Flex feels reliable and the comfort is excellent. Delivery was quick and I would recommend it.,positive,comfort,0,0
RV01185,2025-08-06,P001,MarketPulse Store,5,Very happy with the PulseBottle Pro. The price exceeded my expectations and the price feels fair.,positive,price,1,0
RV01186,2024-07-31,P004,Marketplace,4,"I have used the AeroRun Flex for several weeks. Great price, simple setup, and helpful service.",positive,price,1,4
RV01187,2025-06-14,P002,Marketplace,5,Very happy with the SonicWave Lite. The comfort exceeded my expectations and the price feels fair.,positive,comfort,1,0
RV01188,2025-07-20,P002,Marketplace,2,Not satisfied with the SonicWave Lite. The sound quality failed within a few days and delivery was delayed.,negative,sound quality,1,0
RV01189,2024-01-02,P001,Retail Survey,3,The PulseBottle Pro is acceptable. The lid seal is average and delivery took the expected time.,neutral,lid seal,0,0
RV01190,2024-03-15,P003,Retail Survey,3,The FitTrack Neo is acceptable. The price is average and delivery took the expected time.,neutral,price,1,0
RV01191,2024-10-29,P003,MarketPulse Store,5,The FitTrack Neo feels reliable and the price is excellent. Delivery was quick and I would recommend it.,positive,price,1,0
RV01192,2025-03-30,P001,Retail Survey,3,The PulseBottle Pro is acceptable. The temperature retention is average and delivery took the expected time.,neutral,temperature retention,1,14
RV01193,2025-11-04,P003,Retail Survey,3,"I received the FitTrack Neo. It works as described, although the fitness tracking is neither great nor poor.",neutral,fitness tracking,0,0
RV01194,2024-03-26,P002,Support Follow-up,1,"Bad experience. The SonicWave Lite has weak comfort, confusing setup, and unhelpful service.",negative,comfort,1,3
RV01195,2024-02-11,P002,Marketplace,2,"Bad experience. The SonicWave Lite has weak battery, confusing setup, and unhelpful service.",negative,battery,1,1
RV01196,2025-03-18,P003,Retail Survey,5,Excellent purchase. The FitTrack Neo has strong display and arrived in perfect condition.,positive,display,1,1
RV01197,2024-08-14,P004,Support Follow-up,1,Not satisfied with the AeroRun Flex. The price failed within a few days and delivery was delayed.,negative,price,1,0
RV01198,2025-07-29,P003,Support Follow-up,4,The FitTrack Neo feels reliable and the fitness tracking is excellent. Delivery was quick and I would recommend it.,positive,fitness tracking,1,0
RV01199,2025-05-07,P004,Marketplace,3,An ordinary experience with the AeroRun Flex. The fit is okay for the price.,neutral,fit,1,26
RV01200,2025-06-20,P002,MarketPulse Store,1,The SonicWave Lite costs too much for this level of comfort. I requested a return.,negative,comfort,1,10
